Rank,Player,Team,Position,"FHG Value","Games Played",SV%,GAA,W,SO,G,A,+/-,SOG,GWG,PPP,SHP,HITS,FOW
1,"Carey Price",MTL,G,198,59,0.925,2.21,98,18," "," "," "," "," "," "," "," "," "
2,"Tuukka Rask",BOS,G,191,58,0.927,2.13,89,16," "," "," "," "," "," "," "," "," "
3,"Alex Ovechkin",WSH,LW/RW,180,80," "," "," "," ",45,39,-9,388,9,39,0,226,1
4,"Jonathan Toews",CHI,C,131,79," "," "," "," ",26,45,33,205,6,15,4,42,793
5,"Henrik Lundqvist",NYR,G,127,55,0.923,2.22,86,11," "," "," "," "," "," "," "," "," "
6,"Claude Giroux",PHI,C/RW,127,81," "," "," "," ",22,57,-2,247,4,37,0,98,875
7,"Sidney Crosby",PIT,C,121,73," "," "," "," ",26,66,19,233,3,32,0,51,744
8,"Ben Bishop",TBL,G,116,52,0.921,2.25,87,11," "," "," "," "," "," "," "," "," "
9,"Ryan Getzlaf",ANA,C,115,76," "," "," "," ",24,55,22,190,5,19,2,115,560
10,"Braden Holtby",WSH,G,114,57,0.92,2.45,87,16," "," "," "," "," "," "," "," "," "
11,"Joe Pavelski",SJS,C/LW,114,82," "," "," "," ",31,39,14,236,5,28,1,74,550
12,"Cory Schneider",NJD,G,111,52,0.924,2.11,59,13," "," "," "," "," "," "," "," "," "
13,"Sergei Bobrovsky",CBJ,G,111,53,0.923,2.35,83,12," "," "," "," "," "," "," "," "," "
14,"Jamie Benn",DAL,LW,109,78," "," "," "," ",27,49,4,244,4,17,3,118,345
15,"Max Pacioretty",MTL,LW,106,76," "," "," "," ",30,34,22,284,7,15,2,90,3
16,"P.K. Subban",MTL,D,101,78," "," "," "," ",12,45,12,190,2,26,0,108,0
17,"Logan Couture",SJS,C/LW,96,76," "," "," "," ",24,38,8,252,5,19,3,52,401
18,"Patrice Bergeron",BOS,C,95,77," "," "," "," ",21,35,25,227,5,11,3,52,901
19,"Tyler Seguin",DAL,C/RW,94,77," "," "," "," ",30,45,15,285,5,23,0,53,192
20,"Dustin Byfuglien",WPG,RW/D,94,73," "," "," "," ",15,35,-6,234,2,21,0,191,0
21,"Shea Weber",NSH,D,94,79," "," "," "," ",16,34,5,214,2,19,0,173,0
22,"Jonathan Quick",LAK,G,92,57,0.914,2.2,81,13," "," "," "," "," "," "," "," "," "
23,"Rick Nash",NYR,LW/RW,89,73," "," "," "," ",29,29,21,284,7,10,3,39,3
24,"Chris Kunitz",PIT,LW,88,78," "," "," "," ",25,37,22,194,6,20,0,184,5
25,"Anze Kopitar",LAK,C,86,80," "," "," "," ",18,50,18,166,5,25,0,102,662
26,"Derek Stepan",NYR,C,85,77," "," "," "," ",17,43,24,180,3,13,5,46,555
27,"John Tavares",NYI,C,84,74," "," "," "," ",30,48,-2,247,5,27,0,41,589
28,"Oliver Ekman-Larsson",ARI,D,82,81," "," "," "," ",14,29,-7,217,4,20,0,145,0
29,"Drew Doughty",LAK,D,81,80," "," "," "," ",8,32,9,196,1,16,1,179,0
30,"Erik Karlsson",OTT,D,80,63," "," "," "," ",16,37,0,219,2,22,0,79,0
31,"Blake Wheeler",WPG,RW,79,81," "," "," "," ",24,42,10,231,4,15,2,142,14
32,"Duncan Keith",CHI,D,79,79," "," "," "," ",6,45,20,177,2,18,1,27,0
33,"Jaroslav Halak",NYI,G,78,44,0.915,2.28,73,14," "," "," "," "," "," "," "," "," "
34,"Nicklas Backstrom",WSH,C,77,82," "," "," "," ",15,64,-3,167,2,37,0,82,669
35,"Brent Burns",SJS,RW/D,75,67," "," "," "," ",16,31,6,211,2,14,0,129,22
36,"Ryan McDonagh",NYR,D,75,76," "," "," "," ",8,29,18,158,2,9,3,91,0
37,"Andrei Markov",MTL,D,74,81," "," "," "," ",9,38,10,133,2,26,1,47,0
38,"Marian Hossa",CHI,RW,72,74," "," "," "," ",23,35,25,230,4,14,3,45,2
39,"Mark Giordano",CGY,D,70,68," "," "," "," ",10,34,7,157,2,15,2,78,0
40,"Zdeno Chara",BOS,D,70,73," "," "," "," ",11,20,16,164,2,9,2,152,0
41,"Andrew Ladd",WPG,LW,68,80," "," "," "," ",22,41,10,204,4,14,1,180,20
42,"David Backes",STL,C/RW,67,78," "," "," "," ",20,35,10,174,2,14,0,255,570
43,"Tomas Plekanec",MTL,C,67,81," "," "," "," ",20,32,10,222,4,15,3,45,692
44,"Jeff Carter",LAK,C/RW,67,78," "," "," "," ",27,29,6,236,6,15,1,65,385
45,"Alexander Steen",STL,C/LW,66,70," "," "," "," ",22,37,12,217,6,19,1,40,192
46,"Henrik Zetterberg",DET,C/LW,66,67," "," "," "," ",15,49,6,220,3,26,1,38,354
47,"Patrick Kane",CHI,C/RW,66,70," "," "," "," ",26,48,11,218,5,25,0,19,3
48,"John Carlson",WSH,D,65,82," "," "," "," ",9,35,7,193,1,17,1,76,0
49,"Keith Yandle",NYR,D,65,83," "," "," "," ",8,44,-17,233,2,27,0,36,0
50,"Kevin Shattenkirk",STL,D,64,73," "," "," "," ",8,36,9,160,2,23,0,67,0
51,"Corey Perry",ANA,RW,64,74," "," "," "," ",30,37,21,233,5,14,0,75,6
52,"Kyle Turris",OTT,C,63,81," "," "," "," ",20,37,14,209,4,15,2,47,630
53,"Zach Parise",MIN,LW,61,74," "," "," "," ",27,34,13,270,4,19,0,85,5
54,"Patrick Marleau",SJS,C/LW,61,82," "," "," "," ",23,38,-8,258,4,24,1,81,135
55,"Pavel Datsyuk",DET,C/LW,60,62," "," "," "," ",19,41,13,159,4,20,1,45,508
56,"Brent Seabrook",CHI,D,59,81," "," "," "," ",8,27,12,151,1,12,1,158,0
57,"Aaron Ekblad",FLA,D,57,80," "," "," "," ",12,26,13,165,3,11,0,108,0
58,"Steven Stamkos",TBL,C,57,67," "," "," "," ",32,35,3,218,4,22,0,82,377
59,"Jakub Voracek",PHI,RW,56,82," "," "," "," ",22,51,2,226,3,29,0,36,4
60,"Johnny Boychuk",NYI,D,55,73," "," "," "," ",5,20,20,157,1,6,2,156,1
61,"Kris Letang",PIT,D,54,55," "," "," "," ",9,36,8,157,1,18,0,86,0
62,"Matt Duchene",COL,C/LW,54,77," "," "," "," ",20,45,0,215,5,13,0,56,549
63,"Roman Josi",NSH,D,53,78," "," "," "," ",11,33,4,181,2,13,1,44,0
64,"Bryan Little",WPG,C/RW,53,78," "," "," "," ",18,40,10,155,2,15,2,67,657
65,"Ryan Callahan",TBL,RW,53,73," "," "," "," ",19,28,8,194,3,14,2,205,14
66,"Alex Pietrangelo",STL,D,53,80," "," "," "," ",7,39,7,174,1,14,1,46,0
67,"Brad Marchand",BOS,LW,52,78," "," "," "," ",22,28,25,160,5,3,4,70,8
68,"Eric Staal",CAR,C,52,78," "," "," "," ",20,45,-7,242,3,14,2,64,533
69,"Phil Kessel",PIT,RW,52,82," "," "," "," ",27,48,-15,287,4,25,0,22,3
70,"Victor Hedman",TBL,D,52,69," "," "," "," ",9,35,7,141,1,9,2,76,0
71,"Matt Niskanen",WSH,D,51,77," "," "," "," ",6,29,17,131,3,10,0,120,0
72,"Ryan Suter",MIN,D,51,80," "," "," "," ",5,39,9,151,0,17,1,67,0
73,"Troy Brouwer",STL,RW,51,81," "," "," "," ",22,24,0,161,4,20,1,202,195
74,"James Neal",NSH,LW/RW,50,64," "," "," "," ",24,28,13,230,6,18,0,72,4
75,"Evgeni Malkin",PIT,C/RW,49,60," "," "," "," ",20,46,5,190,3,28,0,24,270
76,"Wayne Simmonds",PHI,LW/RW,49,78," "," "," "," ",24,31,-6,196,5,25,0,144,2
77,"Niklas Kronwall",DET,D,48,80," "," "," "," ",8,39,-3,108,1,25,0,87,0
78,"Ryan Johansen",CBJ,C/RW,48,77," "," "," "," ",21,34,-4,198,3,17,1,91,605
79,"Jarome Iginla",COL,RW,47,78," "," "," "," ",24,35,12,204,4,15,0,118,63
80,"Dion Phaneuf",TOR,D,46,77," "," "," "," ",7,27,-6,145,1,16,0,203,0
81,"Cody Franson",BUF,D,45,77," "," "," "," ",5,33,-9,119,0,18,0,225,0
82,"Justin Faulk",CAR,D,44,74," "," "," "," ",8,28,-12,174,1,12,2,117,0
83,"Pekka Rinne",NSH,G,44,48,0.915,2.32,66,11," "," "," "," "," "," "," "," "," "
84,"Jason Garrison",TBL,D,43,77," "," "," "," ",6,25,16,150,2,12,1,54,0
85,"Mike Green",DET,D,42,67," "," "," "," ",10,31,-2,162,2,17,0,68,0
86,"Jake Muzzin",LAK,D,42,76," "," "," "," ",7,24,8,164,1,10,0,164,0
87,"Mikko Koivu",MIN,C,41,75," "," "," "," ",12,42,2,177,4,18,1,47,740
88,"Milan Lucic",LAK,LW,40,79," "," "," "," ",16,34,20,143,3,9,0,242,37
89,"Alex Goligoski",DAL,D,39,81," "," "," "," ",4,37,5,132,0,13,1,96,0
90,"Marek Zidlicky",DET,D,39,82," "," "," "," ",8,29,-9,139,1,18,1,105,0
91,"Daniel Sedin",VAN,LW,39,78," "," "," "," ",16,46,6,228,4,21,0,28,4
92,"Jack Johnson",CBJ,D,39,79," "," "," "," ",6,29,-9,147,1,18,0,155,0
93,"Mark Streit",PHI,D,38,81," "," "," "," ",8,39,-7,134,1,22,0,53,0
94,"James van Riemsdyk",TOR,LW,37,81," "," "," "," ",24,33,-18,257,3,16,2,99,30
95,"Dennis Wideman",CGY,D,34,68," "," "," "," ",8,31,-8,146,1,15,1,78,0
96,"Francois Beauchemin",COL,D,33,72," "," "," "," ",7,18,25,112,1,5,1,118,0
97,"Roberto Luongo",FLA,G,32,48,0.918,2.36,61,9," "," "," "," "," "," "," "," "," "
98,"Joe Thornton",SJS,C,32,80," "," "," "," ",11,59,9,131,1,24,0,45,525
99,"James Wisniewski",CAR,D,32,65," "," "," "," ",7,30,-6,140,1,18,0,100,0
100,"Gabriel Landeskog",COL,LW,32,75," "," "," "," ",19,34,5,205,2,11,1,161,12
101,"Kari Lehtonen",DAL,G,31,60,0.912,2.57,82,12," "," "," "," "," "," "," "," "," "
102,"Andy Greene",NJD,D,31,82," "," "," "," ",5,22,7,107,2,8,2,84,0
103,"Nick Foligno",CBJ,C/LW,31,75," "," "," "," ",18,33,10,141,3,14,0,195,45
104,"John Klingberg",DAL,D,30,65," "," "," "," ",11,29,5,98,3,12,0,54,0
105,"Dougie Hamilton",CGY,D,27,69," "," "," "," ",7,25,9,150,1,10,0,93,0
106,"Cam Talbot",EDM,G,27,30,0.931,2.04,17,4," "," "," "," "," "," "," "," "," "
107,"Jason Pominville",MIN,RW,26,81," "," "," "," ",20,37,4,229,4,16,0,34,59
108,"Tyson Barrie",COL,D,26,66," "," "," "," ",9,30,4,112,2,12,0,60,0
109,"Nick Leddy",NYI,D,26,81," "," "," "," ",8,25,17,119,1,11,0,63,0
110,"Dan Girardi",NYR,D,26,80," "," "," "," ",4,18,7,112,1,3,1,199,0
111,"Radim Vrbata",VAN,RW,25,72," "," "," "," ",21,32,2,237,3,21,0,52,11
112,"Brayden Schenn",PHI,C/LW,25,81," "," "," "," ",15,29,-5,159,4,15,0,196,196
113,"TJ Brodie",CGY,D,25,80," "," "," "," ",6,27,2,109,2,8,2,42,0
114,"Frans Nielsen",NYI,C,25,80," "," "," "," ",15,35,-2,162,2,18,3,43,436
115,"T.J. Oshie",WSH,C/RW,23,67," "," "," "," ",16,34,11,140,3,14,2,77,12
116,"Evander Kane",BUF,LW,23,61," "," "," "," ",15,24,-5,232,3,6,2,180,29
117,"Christian Ehrhoff",LAK,D,23,70," "," "," "," ",5,23,-7,148,3,10,1,63,0
118,"Hampus Lindholm",ANA,D,22,78," "," "," "," ",7,25,28,112,1,5,0,57,0
119,"Nathan MacKinnon",COL,C/RW,22,73," "," "," "," ",19,32,7,217,4,12,0,50,198
120,"Mike Cammalleri",NJD,LW,22,68," "," "," "," ",22,25,-10,176,7,16,1,30,153
121,"Brandon Dubinsky",CBJ,C/LW,21,58," "," "," "," ",10,30,7,129,1,9,2,171,426
122,"Devan Dubnyk",MIN,G,20,48,0.917,2.5,61,11," "," "," "," "," "," "," "," "," "
123,"Henrik Sedin",VAN,C,20,78," "," "," "," ",13,52,12,105,1,22,0,35,569
124,"Dan Boyle",NYR,D,20,73," "," "," "," ",9,21,5,144,1,15,0,49,0
125,"Jaromir Jagr",FLA,RW,19,78," "," "," "," ",19,38,4,199,5,15,0,18,0
126,"Sean Monahan",CGY,C,19,78," "," "," "," ",27,21,-7,164,5,13,1,41,685
127,"Taylor Hall",EDM,C/LW,19,68," "," "," "," ",19,47,-4,221,2,15,0,57,35
128,"Jonas Hiller",CGY,G,19,46,0.914,2.47,69,10," "," "," "," "," "," "," "," "," "
129,"David Krejci",BOS,C,19,68," "," "," "," ",12,40,19,131,4,13,0,59,428
130,"Tyler Johnson",TBL,C,18,61," "," "," "," ",18,26,20,137,4,7,2,48,405
131,"Patrick Sharp",DAL,C/LW,17,66," "," "," "," ",19,33,5,233,2,17,0,57,58
132,"Derick Brassard",NYR,C,17,80," "," "," "," ",16,36,4,160,2,16,0,120,449
133,"Brian Campbell",FLA,D,17,82," "," "," "," ",6,29,-9,117,1,16,1,42,0
134,"Ondrej Palat",TBL,LW,16,60," "," "," "," ",14,29,24,113,3,7,2,105,5
135,"Jaden Schwartz",STL,LW,16,77," "," "," "," ",20,30,14,163,2,10,2,55,42
136,"Bobby Ryan",OTT,LW/RW,16,75," "," "," "," ",17,34,6,198,3,11,0,114,12
137,"Jordan Eberle",EDM,RW,16,81," "," "," "," ",23,41,-12,200,3,19,0,55,6
138,"Craig Anderson",OTT,G,15,40,0.921,2.5,51,10," "," "," "," "," "," "," "," "," "
139,"Vladimir Tarasenko",STL,RW,15,69," "," "," "," ",22,30,18,182,4,12,0,31,1
140,"Michael Del Zotto",PHI,D,15,70," "," "," "," ",5,22,-3,114,1,8,1,121,0
141,"Nazem Kadri",TOR,C,14,77," "," "," "," ",19,33,0,168,1,13,1,124,427
142,"Scott Darling",CHI,G,14,15,0.936,2.08,9,1," "," "," "," "," "," "," "," "," "
143,"Brandon Saad",CBJ,LW/RW,14,79," "," "," "," ",17,32,17,178,3,8,1,55,34
144,"Fedor Tyutin",CBJ,D,13,73," "," "," "," ",4,21,9,79,0,6,2,101,0
145,"Ryan Kesler",ANA,C/RW,13,62," "," "," "," ",16,21,-9,171,3,11,1,118,617
146,"Cam Fowler",ANA,D,13,71," "," "," "," ",5,26,6,90,1,11,1,43,0
147,"Jay Bouwmeester",STL,D,12,78," "," "," "," ",4,24,10,125,0,9,1,52,1
148,"Jacob Trouba",WPG,D,12,65," "," "," "," ",9,17,3,125,1,5,1,96,0
149,"Steve Mason",PHI,G,12,47,0.921,2.4,58,5," "," "," "," "," "," "," "," "," "
150,"Andrew Cogliano",ANA,C/LW/RW,12,82," "," "," "," ",17,19,12,144,3,0,4,106,20
151,"Alexander Edler",VAN,D,12,71," "," "," "," ",8,20,-13,182,0,13,0,111,1
152,"Antoine Vermette",ARI,C/LW,12,82," "," "," "," ",17,23,-11,139,3,12,1,90,785
153,"Scott Hartnell",CBJ,LW,11,70," "," "," "," ",19,27,2,182,2,16,0,143,5
154,"Jimmy Howard",DET,G,11,53,0.914,2.39,65,8," "," "," "," "," "," "," "," "," "
155,"Patrik Elias",NJD,C/LW,11,72," "," "," "," ",15,33,-8,137,1,16,4,27,201
156,"Adam Henrique",NJD,C,11,74," "," "," "," ",17,22,-3,131,3,12,4,61,337
157,"Tommy Wingels",SJS,LW/RW,10,74," "," "," "," ",12,20,-2,148,3,6,2,229,31
158,"Ben Lovejoy",PIT,D,10,66," "," "," "," ",2,14,8,96,1,2,1,176,0
159,"Torey Krug",BOS,D,10,53," "," "," "," ",9,18,10,127,1,11,0,42,0
160,"Thomas Vanek",MIN,LW/RW,9,74," "," "," "," ",23,38,0,204,2,16,0,28,13
161,"Paul Stastny",STL,C,9,71," "," "," "," ",16,34,2,145,4,15,0,37,575
162,"Trevor Daley",CHI,D,8,70," "," "," "," ",10,20,-1,109,2,7,1,38,0
163,"Erik Johnson",COL,D,8,60," "," "," "," ",7,18,2,128,1,8,0,104,0
164,"Brad Richards",DET,C/LW,8,79," "," "," "," ",14,33,1,219,2,13,0,31,432
165,"Tyler Bozak",TOR,C,7,73," "," "," "," ",18,31,-13,120,2,13,2,82,725
166,"Travis Hamonic",NYI,D,7,74," "," "," "," ",4,20,2,137,0,6,0,144,0
167,"Patric Hornqvist",PIT,RW,7,60," "," "," "," ",17,26,4,204,4,14,0,71,1
168,"Clarke MacArthur",OTT,LW,7,69," "," "," "," ",16,27,5,138,3,11,2,85,9
169,"Martin St. Louis",NYR,C/RW,6,79," "," "," "," ",23,47,10,178,1,9,0,23,43
170,"Jordan Staal",CAR,C/LW,6,69," "," "," "," ",10,26,-9,144,1,9,2,151,576
171,"Slava Voynov",LAK,D,6,57," "," "," "," ",3,22,5,95,1,9,0,108,1
172,"Brenden Dillon",SJS,D,6,80," "," "," "," ",4,10,-2,102,1,0,2,176,0
173,"Niklas Hjalmarsson",CHI,D,5,80," "," "," "," ",3,18,20,92,1,0,2,40,0
174,"Anton Stralman",TBL,D,5,81," "," "," "," ",5,18,17,118,0,5,0,98,0
175,"Marc-Edouard Vlasic",SJS,D,5,78," "," "," "," ",6,15,19,115,1,2,1,50,0
176,"Ryan O'Reilly",BUF,C/LW/RW,4,70," "," "," "," ",17,34,-4,160,2,14,1,25,378
177,"Dustin Brown",LAK,LW/RW,4,80," "," "," "," ",15,17,-1,202,2,8,0,248,12
178,"Brandon Sutter",VAN,C,3,81," "," "," "," ",15,15,0,157,4,5,3,71,536
179,"Nino Niederreiter",MIN,RW,3,81," "," "," "," ",19,18,7,146,3,7,1,165,5
180,"Kimmo Timonen",CHI,D,2,57," "," "," "," ",4,22,1,99,1,15,0,50,0
181,"Brendan Gallagher",MTL,RW,2,79," "," "," "," ",19,25,13,222,3,8,0,49,33
182,"Jared Spurgeon",MIN,D,1,67," "," "," "," ",6,19,7,110,1,8,0,67,0
183,"Ryan Nugent-Hopkins",EDM,C,1,75," "," "," "," ",16,36,-8,170,2,17,0,73,463
184,"Ryan Miller",VAN,G,1,53,0.915,2.58,71,8," "," "," "," "," "," "," "," "," "
185,"Justin Schultz",EDM,D,0,79," "," "," "," ",8,27,-21,123,2,15,0,33,0
186,"Kyle Okposo",NYI,RW,-0,71," "," "," "," ",16,41,-8,195,2,14,0,57,94
187,"Andrej Sekera",EDM,D,-1,69," "," "," "," ",6,23,0,105,0,8,1,53,0
188,"Mike Ribeiro",NSH,C,-1,81," "," "," "," ",15,46,-2,104,1,20,0,65,398
189,"Shane Doan",ARI,LW/RW,-2,77," "," "," "," ",17,26,-11,190,2,13,0,173,4
190,"Jori Lehtera",STL,C,-2,74," "," "," "," ",14,30,22,103,2,8,1,43,539
191,"Morgan Rielly",TOR,D,-2,77," "," "," "," ",5,23,-15,122,1,11,0,96,0
192,"Brooks Orpik",WSH,D,-2,76," "," "," "," ",1,14,8,57,0,0,0,249,0
193,"Dan Hamhuis",VAN,D,-3,72," "," "," "," ",3,24,9,113,0,4,0,85,0
194,"Cam Atkinson",CBJ,RW,-3,72," "," "," "," ",17,20,1,196,5,8,1,50,1
195,"Adam Lowry",WPG,LW,-3,79," "," "," "," ",11,12,1,102,3,2,1,254,400
196,"Seth Jones",NSH,D,-3,79," "," "," "," ",7,19,-10,109,1,9,1,63,0
197,"Kevin Bieksa",ANA,D,-3,66," "," "," "," ",5,14,-1,131,1,5,0,119,0
198,"David Desharnais",MTL,C,-4,81," "," "," "," ",13,36,12,98,3,13,0,35,539
199,"Luke Schenn",PHI,D,-4,72," "," "," "," ",3,11,0,89,0,0,0,252,0
200,"Craig Smith",NSH,C/RW,-4,78," "," "," "," ",17,24,6,211,3,10,0,65,32
201,"Justin Williams",WSH,RW,-4,81," "," "," "," ",16,29,15,214,2,9,0,40,2
202,"Cal Clutterbuck",NYI,RW,-4,74," "," "," "," ",8,9,-5,148,2,0,3,296,5
203,"Dennis Seidenberg",BOS,D,-5,64," "," "," "," ",2,13,12,95,1,0,0,153,0
204,"Matt Moulson",BUF,LW,-5,77," "," "," "," ",17,36,-5,189,2,17,0,40,5
205,"Patrick Wiercioch",OTT,D,-5,60," "," "," "," ",4,18,4,102,1,11,0,52,0
206,"Mike Fisher",NSH,C,-6,66," "," "," "," ",16,26,3,137,2,10,0,130,491
207,"Mark Stuart",WPG,D,-6,70," "," "," "," ",2,10,8,63,0,0,1,196,0
208,"Kris Russell",CGY,D,-6,67," "," "," "," ",4,23,4,98,0,11,0,49,0
209,"Martin Jones",SJS,G,-6,18,0.923,2.14,16,7," "," "," "," "," "," "," "," "," "
210,"Lee Stempniak",WPG,LW/RW,-6,74," "," "," "," ",12,25,-2,158,1,4,4,89,8
211,"Marc Methot",OTT,D,-6,66," "," "," "," ",3,15,9,88,0,2,0,159,0
212,"Lars Eller",MTL,C/LW,-7,77," "," "," "," ",11,20,-5,143,3,4,2,113,397
213,"Jarret Stoll",NYR,C,-7,77," "," "," "," ",7,17,6,103,2,5,2,186,561
214,"Justin Abdelkader",DET,LW/RW,-8,74," "," "," "," ",14,20,4,156,3,7,0,175,32
215,"Martin Hanzal",ARI,C,-8,56," "," "," "," ",11,24,-4,139,2,10,1,162,414
216,"Carl Hagelin",ANA,LW,-8,78," "," "," "," ",14,21,14,178,4,1,1,77,4
217,"Sergei Gonchar",MTL,D,-9,66," "," "," "," ",2,22,-1,87,1,11,0,56,0
218,"Frederik Andersen",ANA,G,-10,28,0.918,2.38,55,4," "," "," "," "," "," "," "," "," "
219,"Jiri Hudler",CGY,LW/RW,-10,75," "," "," "," ",19,40,2,123,2,14,0,30,12
220,"Matthew Carle",TBL,D,-11,74," "," "," "," ",4,24,9,100,0,5,0,41,0
221,"Mats Zuccarello",NYR,LW/RW,-11,60," "," "," "," ",12,28,13,124,2,8,1,92,6
222,"Ryan Ellis",NSH,D,-11,64," "," "," "," ",6,17,6,108,1,5,0,45,0
223,"Alec Martinez",LAK,D,-11,54," "," "," "," ",6,13,9,79,1,5,0,83,0
224,"Cody Eakin",DAL,C,-12,80," "," "," "," ",14,24,-3,144,2,5,2,87,515
225,"Loui Eriksson",BOS,LW/RW,-12,74," "," "," "," ",15,29,3,152,3,12,1,18,4
226,"Eric Brewer",TOR,D,-13,68," "," "," "," ",4,12,3,69,1,0,1,126,0
227,"Michael Stone",ARI,D,-13,73," "," "," "," ",5,13,-12,114,0,5,0,170,0
228,"Calvin de Haan",NYI,D,-14,58," "," "," "," ",2,12,-2,82,1,2,1,127,0
229,"Zach Bogosian",BUF,D,-14,58," "," "," "," ",4,13,-3,132,0,2,0,139,0
230,"David Perron",PIT,LW/RW,-14,80," "," "," "," ",18,30,-16,194,2,9,0,130,8
231,"Sean Couturier",PHI,C,-14,81," "," "," "," ",10,25,-1,148,1,5,3,64,509
232,"Radko Gudas",PHI,D,-14,47," "," "," "," ",2,10,0,78,1,2,0,178,0
233,"Kevin Hayes",NYR,RW,-14,79," "," "," "," ",17,28,15,111,1,5,1,57,247
234,"Jeff Petry",MTL,D,-14,80," "," "," "," ",6,13,-19,112,0,2,1,170,0
235,"Valtteri Filppula",TBL,C/LW,-15,75," "," "," "," ",15,32,-5,115,2,14,0,28,496
236,"Jussi Jokinen",FLA,C/LW/RW,-15,78," "," "," "," ",13,33,1,143,2,14,0,39,179
237,"Michael Frolik",CGY,C/RW,-15,80," "," "," "," ",12,24,7,189,2,3,2,52,24
238,"Alexei Emelin",MTL,D,-15,64," "," "," "," ",3,14,3,52,0,1,0,193,0
239,"Tyler Myers",WPG,D,-15,66," "," "," "," ",6,16,-16,104,1,5,1,89,0
240,"Paul Martin",SJS,D,-15,57," "," "," "," ",3,19,11,59,1,7,0,41,0
241,"Johan Franzen",DET,LW/RW,-15,52," "," "," "," ",12,26,2,139,3,16,0,63,51
242,"Brian Gionta",BUF,RW,-16,77," "," "," "," ",15,24,-3,175,3,9,1,56,35
243,"Kevin Klein",NYR,D,-16,74," "," "," "," ",5,14,5,79,1,0,0,118,0
244,"Jiri Tlusty",NJD,LW,-16,73," "," "," "," ",18,21,0,146,3,7,1,86,4
245,"Jakub Kindl",DET,D,-17,57," "," "," "," ",4,14,5,90,1,7,0,54,0
246,"Jake Gardiner",TOR,D,-17,60," "," "," "," ",5,16,-8,86,0,7,1,80,0
247,"Andrew Shaw",CHI,RW,-18,80," "," "," "," ",14,17,4,139,2,7,0,141,283
248,"Dmitry Kulikov",FLA,D,-18,70," "," "," "," ",5,14,-14,99,1,7,0,120,0
249,"Thomas Hickey",NYI,D,-18,77," "," "," "," ",2,16,1,83,1,0,1,82,0
250,"Robyn Regehr",LAK,D,-19,72," "," "," "," ",2,10,4,63,0,0,0,197,0
251,"Joel Ward",SJS,RW,-19,77," "," "," "," ",17,22,4,123,3,9,1,55,63
252,"Tyler Ennis",BUF,C/LW,-19,79," "," "," "," ",17,29,-23,195,1,18,0,79,156
253,"Nikolay Kulemin",NYI,LW/RW,-19,82," "," "," "," ",15,15,7,115,0,0,4,129,7
254,"Jason Demers",DAL,D,-19,65," "," "," "," ",4,19,3,84,0,4,0,80,0
255,"Jeff Skinner",CAR,LW/RW,-19,72," "," "," "," ",21,21,-22,255,3,14,0,34,21
256,"Marian Gaborik",LAK,RW,-19,63," "," "," "," ",17,25,5,171,2,14,0,30,1
257,"Sami Vatanen",ANA,D,-19,43," "," "," "," ",7,14,6,70,0,9,0,50,0
258,"Marc Staal",NYR,D,-20,62," "," "," "," ",3,13,8,75,0,1,1,83,1
259,"Dominic Moore",NYR,C/LW,-20,77," "," "," "," ",8,15,3,106,3,1,3,58,467
260,"Matt Irwin",BOS,D,-20,57," "," "," "," ",5,14,1,120,0,6,0,58,0
261,"Justin Braun",SJS,D,-20,74," "," "," "," ",2,16,9,100,0,2,0,79,0
262,"David Savard",CBJ,D,-20,53," "," "," "," ",5,12,0,60,1,4,0,118,1
263,"Nikita Kucherov",TBL,RW,-20,67," "," "," "," ",19,21,20,145,2,8,0,40,1
264,"Matt Beleskey",BOS,LW,-21,64," "," "," "," ",13,14,9,126,4,4,0,156,7
265,"Mika Zibanejad",OTT,C/RW,-21,73," "," "," "," ",14,24,-3,150,0,10,0,134,316
266,"Toby Enstrom",WPG,D,-21,60," "," "," "," ",4,19,13,58,0,7,0,27,0
267,"Olli Maatta",PIT,D,-21,49," "," "," "," ",5,13,4,73,1,4,1,30,0
268,"Travis Zajac",NJD,C,-22,78," "," "," "," ",12,24,-2,140,1,10,1,61,633
269,"Stephane Robidas",TOR,D,-22,57," "," "," "," ",2,10,8,56,0,2,0,154,0
270,"Jakob Silfverberg",ANA,LW/RW,-22,71," "," "," "," ",11,21,10,172,2,3,2,43,10
271,"Simon Despres",ANA,D,-22,55," "," "," "," ",2,11,9,69,0,1,0,137,0
272,"Sam Gagner",PHI,C/RW,-22,76," "," "," "," ",13,32,-24,171,1,13,1,51,376
273,"Brad Stuart",COL,D,-22,69," "," "," "," ",2,10,2,67,1,0,0,154,0
274,"David Legwand",BUF,C/LW,-22,81," "," "," "," ",12,28,-8,121,1,12,1,43,464
275,"Eric Gelinas",NJD,D,-23,41," "," "," "," ",4,12,-2,80,1,9,0,61,0
276,"Eric Fehr",PIT,RW,-23,73," "," "," "," ",14,17,8,135,3,2,1,77,215
277,"Lubomir Visnovsky",NYI,D,-23,46," "," "," "," ",4,15,3,77,1,8,0,29,0
278,"Tomas Tatar",DET,LW/RW,-23,62," "," "," "," ",17,19,8,143,3,9,0,64,11
279,"Jason Spezza",DAL,C,-23,55," "," "," "," ",14,31,-10,150,2,17,0,11,508
280,"Mike Richards",LAK,C/LW,-24,72," "," "," "," ",9,26,-10,119,2,12,1,76,330
281,"Matt Read",PHI,LW/RW,-24,75," "," "," "," ",14,22,-2,140,2,4,2,88,12
282,"Johnny Oduya",DAL,D,-24,78," "," "," "," ",3,12,11,82,0,0,1,55,0
283,"Daniel Winnik",TOR,LW,-24,79," "," "," "," ",7,25,17,119,1,0,2,97,69
284,"Jan Hejda",COL,D,-24,79," "," "," "," ",3,12,-3,79,0,0,0,168,0
285,"Eric Gryba",EDM,D,-24,62," "," "," "," ",1,10,7,65,0,0,0,160,0
286,"Roman Polak",TOR,D,-24,70," "," "," "," ",3,8,-8,72,1,0,0,191,0
287,"Corey Crawford",CHI,G,-24,52,0.921,2.22,30,3," "," "," "," "," "," "," "," "," "
288,"Karl Alzner",WSH,D,-24,82," "," "," "," ",3,14,0,80,0,0,1,92,0
289,"Brian Boyle",TBL,C/LW,-25,76," "," "," "," ",8,11,-3,125,2,2,2,162,324
290,"Alexander Semin",MTL,LW/RW,-25,65," "," "," "," ",14,27,2,179,1,10,1,26,3
291,"Jonathan Ericsson",DET,D,-25,69," "," "," "," ",2,13,1,71,0,0,1,107,0
292,"Mikkel Boedker",ARI,LW/RW,-25,70," "," "," "," ",13,29,-8,131,2,14,0,99,1
293,"Jay Harrison",WPG,D,-25,67," "," "," "," ",3,11,-4,81,1,3,0,118,0
294,"Willie Mitchell",FLA,D,-25,71," "," "," "," ",2,8,6,75,0,1,1,100,0
295,"Carl Gunnarsson",STL,D,-26,68," "," "," "," ",2,15,10,50,0,1,0,109,0
296,"Barret Jackman",NSH,D,-26,79," "," "," "," ",3,13,7,80,0,0,0,105,0
297,"Kyle Palmieri",NJD,LW/RW,-26,67," "," "," "," ",13,19,4,138,4,6,0,95,5
298,"Gustav Nyquist",DET,C/LW/RW,-26,59," "," "," "," ",19,21,2,144,3,13,0,23,2
299,"Mikael Backlund",CGY,C,-26,61," "," "," "," ",12,19,1,140,2,6,2,52,414
300,"Tyler Toffoli",LAK,LW/RW,-27,51," "," "," "," ",12,17,17,119,2,4,2,51,2
301,"Trevor Lewis",LAK,C/LW/RW,-27,76," "," "," "," ",7,13,5,134,2,0,2,163,78
302,"Alex Galchenyuk",MTL,C/LW,-27,75," "," "," "," ",14,27,4,138,2,9,0,64,49
303,"Nick Bonino",PIT,C,-27,66," "," "," "," ",14,23,7,127,3,10,0,26,435
304,"Matt Martin",NYI,LW/RW,-27,80," "," "," "," ",7,8,-7,108,2,0,0,379,5
305,"Leo Komarov",TOR,C,-27,67," "," "," "," ",6,16,-1,87,2,1,2,272,61
306,"Marco Scandella",MIN,D,-27,50," "," "," "," ",5,9,5,67,2,2,0,57,0
307,"Zemgus Girgensons",BUF,C/LW,-27,66," "," "," "," ",12,14,-11,115,1,2,3,144,270
308,"Andre Benoit",STL,D,-28,65," "," "," "," ",4,14,-8,79,1,4,1,47,0
309,"Mark Letestu",EDM,C/RW,-28,72," "," "," "," ",11,18,0,109,2,6,2,59,312
310,"Lance Bouma",CGY,C/LW/RW,-28,78," "," "," "," ",11,14,3,93,2,1,1,223,26
311,"Jonas Brodin",MIN,D,-28,75," "," "," "," ",4,14,10,85,0,4,0,31,0
312,"Brayden McNabb",LAK,D,-28,41," "," "," "," ",2,10,7,43,1,3,0,100,1
313,"John Mitchell",COL,C,-29,74," "," "," "," ",11,20,4,111,2,4,1,137,306
314,"Kevan Miller",BOS,D,-29,44," "," "," "," ",2,5,20,39,1,0,0,95,0
315,"Danny Dekeyser",DET,D,-29,54," "," "," "," ",2,17,9,66,0,3,0,51,0
316,"Cody Ceci",OTT,D,-30,65," "," "," "," ",4,12,-4,105,1,2,0,67,0
317,"Alex Burrows",VAN,LW/RW,-30,66," "," "," "," ",12,17,2,155,2,7,1,84,26
318,"Nick Holden",COL,D,-30,45," "," "," "," ",5,8,1,54,1,4,0,92,0
319,"Artem Anisimov",CHI,C/LW,-30,64," "," "," "," ",13,19,-5,122,3,4,2,29,276
320,"Andrew Ference",EDM,D,-31,74," "," "," "," ",3,14,-10,77,0,1,0,148,1
321,"Brock Nelson",NYI,C,-31,77," "," "," "," ",17,17,-3,161,2,11,0,87,273
322,"Chris Phillips",OTT,D,-31,62," "," "," "," ",2,11,-6,84,0,4,0,122,0
323,"Chris Kreider",NYR,LW,-31,61," "," "," "," ",13,18,14,122,1,7,0,125,6
324,"Brad Boyes",FLA,C/RW,-31,79," "," "," "," ",15,27,-1,164,1,10,0,58,46
325,"Adam Larsson",NJD,D,-31,51," "," "," "," ",1,12,2,56,1,0,1,68,0
326,"Benoit Pouliot",EDM,LW,-31,65," "," "," "," ",14,20,7,115,3,6,0,93,14
327,"Erik Gudbranson",FLA,D,-31,65," "," "," "," ",2,8,-12,95,0,2,0,170,0
328,"Marc-Andre Fleury",PIT,G,-31,57,0.917,2.32,34,6," "," "," "," "," "," "," "," "," "
329,"Jordie Benn",DAL,D,-32,65," "," "," "," ",2,13,3,71,0,3,0,86,0
330,"Reilly Smith",FLA,LW/RW,-32,75," "," "," "," ",12,26,14,121,1,10,0,58,2
331,"Patrik Berglund",STL,C,-32,79," "," "," "," ",14,19,3,140,2,4,1,91,270
332,"Michael Raffl",PHI,C/LW,-32,67," "," "," "," ",15,10,4,116,3,1,1,141,48
333,"Tomas Fleischmann",ANA,LW,-32,76," "," "," "," ",9,26,-7,172,2,8,1,60,6
334,"Andrew MacDonald",PHI,D,-33,74," "," "," "," ",3,17,-12,78,1,7,0,51,0
335,"Jonathan Huberdeau",FLA,C/LW,-33,76," "," "," "," ",12,32,-4,152,1,10,0,68,6
336,"Nicklas Grossmann",ARI,D,-33,65," "," "," "," ",2,10,1,50,0,0,0,149,0
337,"Luca Sbisa",VAN,D,-34,58," "," "," "," ",2,8,-3,58,1,1,0,133,0
338,"Jannik Hansen",VAN,RW,-34,77," "," "," "," ",12,19,-2,137,2,2,2,91,5
339,"John Moore",NJD,D,-34,60," "," "," "," ",2,10,2,82,1,2,0,66,0
340,"Tom Gilbert",MTL,D,-34,73," "," "," "," ",3,17,-2,77,0,4,0,53,0
341,"Kyle Quincey",DET,D,-34,72," "," "," "," ",3,10,5,88,0,0,0,83,0
342,"Pascal Dupuis",PIT,LW/RW,-34,45," "," "," "," ",11,20,18,123,1,3,1,74,10
343,"Nikita Nikitin",EDM,D,-34,58," "," "," "," ",3,10,0,93,1,2,0,54,0
344,"Mathieu Perreault",WPG,C,-34,66," "," "," "," ",14,25,10,115,1,9,0,70,277
345,"Charlie Coyle",MIN,C/RW,-35,71," "," "," "," ",10,20,3,116,3,3,0,112,175
346,"Christopher Tanev",VAN,D,-37,66," "," "," "," ",3,14,9,53,1,1,0,24,0
347,"John-Michael Liles",CAR,D,-37,50," "," "," "," ",2,14,-2,75,0,4,0,64,0
348,"Braydon Coburn",TBL,D,-37,60," "," "," "," ",2,11,-5,79,1,0,0,94,0
349,"Vernon Fiddler",DAL,C/LW,-37,78," "," "," "," ",8,19,0,115,1,2,2,47,467
350,"Clayton Stoner",ANA,D,-38,71," "," "," "," ",1,8,-4,62,1,0,0,124,0
351,"Steve Ott",STL,C/LW,-38,80," "," "," "," ",7,16,-17,97,1,2,1,238,317
352,"Tomas Hertl",SJS,C/LW,-38,59," "," "," "," ",14,15,3,121,4,5,0,73,34
353,"Mike Weber",BUF,D,-39,68," "," "," "," ",1,8,-20,44,0,0,1,196,0
354,"Kevin Connauton",CBJ,D,-39,49," "," "," "," ",5,10,-1,76,0,3,0,63,0
355,"Grant Clitsome",WPG,D,-39,44," "," "," "," ",2,12,4,52,0,2,0,78,0
356,"Marcus Johansson",WSH,C/LW/RW,-39,73," "," "," "," ",11,31,-5,107,1,15,0,49,47
357,"Ryan Strome",NYI,C,-40,59," "," "," "," ",12,22,11,134,2,7,0,61,157
358,"Michael Ryder",NJD,RW,-40,69," "," "," "," ",13,22,-2,141,2,11,0,55,3
359,"Erik Cole",DET,LW/RW,-40,74," "," "," "," ",15,17,-8,136,2,7,0,127,15
360,"Jared Cowen",OTT,D,-40,44," "," "," "," ",3,5,-3,42,1,0,0,133,0
361,"Teddy Purcell",EDM,LW/RW,-41,81," "," "," "," ",12,31,-14,153,2,14,0,19,3
362,"Drew Stafford",WPG,LW/RW,-41,75," "," "," "," ",13,24,-18,177,1,6,1,80,76
363,"Nick Bjugstad",FLA,C,-41,56," "," "," "," ",14,15,-10,143,2,5,1,99,363
364,"Michal Rozsival",CHI,D,-41,51," "," "," "," ",1,11,9,41,0,0,0,81,0
365,"Chris Higgins",VAN,LW,-42,75," "," "," "," ",13,21,-4,177,2,3,0,82,18
366,"Matt Bartkowski",VAN,D,-42,43," "," "," "," ",0,9,6,59,0,0,0,90,0
367,"Nathan Guenin",COL,D,-43,72," "," "," "," ",2,10,1,45,0,0,0,107,0
368,"Chris Stewart",ANA,LW/RW,-43,75," "," "," "," ",16,22,-10,141,1,10,0,90,10
369,"Brendan Smith",DET,D,-43,68," "," "," "," ",3,12,-2,79,0,2,0,50,0
370,"Jon Merrill",NJD,D,-43,59," "," "," "," ",2,11,-9,46,1,3,1,43,0
371,"Josh Gorges",BUF,D,-43,65," "," "," "," ",1,11,-7,42,0,0,1,97,0
372,"Yannick Weber",VAN,D,-43,41," "," "," "," ",5,6,-1,64,1,4,0,37,0
373,"Colin Wilson",NSH,C/LW,-44,67," "," "," "," ",13,21,7,113,2,7,0,41,81
374,"Mason Raymond",CGY,LW,-44,72," "," "," "," ",14,21,-6,149,2,7,1,25,8
375,"Mark Fraser",NJD,D,-44,51," "," "," "," ",0,6,2,27,0,0,0,149,0
376,"Dwight King",LAK,LW/RW,-44,79," "," "," "," ",11,15,4,115,2,1,1,113,2
377,"Cody Hodgson",NSH,C/RW,-44,77," "," "," "," ",14,21,-24,165,1,9,1,42,335
378,"Bryan Bickell",CHI,LW,-45,73," "," "," "," ",11,15,4,112,2,1,0,162,1
379,"Carl Soderberg",COL,C/LW,-45,54," "," "," "," ",10,22,5,101,2,8,0,44,171
380,"Ryan Murray",CBJ,D,-45,39," "," "," "," ",3,9,3,35,0,4,1,16,0
381,"Vincent Lecavalier",PHI,C/LW,-45,64," "," "," "," ",13,22,-11,125,1,10,0,74,232
382,"Jonathan Bernier",TOR,G,-46,45,0.918,2.71,56,5," "," "," "," "," "," "," "," "," "
383,"Mark Fayne",EDM,D,-46,66," "," "," "," ",2,7,-7,75,0,0,1,69,0
384,"Deryk Engelland",CGY,D,-46,68," "," "," "," ",3,8,-7,55,0,0,0,123,0
385,"Blake Comeau",COL,LW,-46,65," "," "," "," ",9,14,0,119,2,0,0,189,19
386,"Zbynek Michalek",ARI,D,-46,61," "," "," "," ",2,7,2,79,0,0,0,69,0
387,"Anton Volchenkov",NSH,D,-46,55," "," "," "," ",0,8,2,46,0,0,0,108,0
388,"Dalton Prout",CBJ,D,-46,53," "," "," "," ",1,7,-2,52,0,0,0,120,0
389,"Chris Butler",STL,D,-46,63," "," "," "," ",2,11,-10,71,0,0,1,61,0
390,"Tobias Rieder",ARI,RW,-46,71," "," "," "," ",13,7,-20,181,1,1,3,123,1
391,"Curtis Glencross",WSH,LW,-46,59," "," "," "," ",13,21,-7,110,2,9,0,92,14
392,"Gregory Campbell",CBJ,C/LW,-46,77," "," "," "," ",6,12,2,77,1,1,2,125,294
393,"Damon Severson",NJD,D,-46,50," "," "," "," ",5,12,-13,93,0,7,0,18,0
394,"Ron Hainsey",CAR,D,-47,80," "," "," "," ",2,12,-12,79,0,1,0,93,0
395,"Boone Jenner",CBJ,C,-47,52," "," "," "," ",13,10,1,105,3,6,0,157,83
396,"Brian Elliott",STL,G,-47,37,0.917,2.18,21,4," "," "," "," "," "," "," "," "," "
397,"Alex Killorn",TBL,C/LW,-47,65," "," "," "," ",12,21,3,130,2,4,0,61,40
398,"Tim Gleason",WSH,D,-48,67," "," "," "," ",1,8,-14,52,0,0,0,162,0
399,"Ian Cole",PIT,D,-48,49," "," "," "," ",3,8,9,50,0,1,0,37,0
400,"Matt Greene",LAK,D,-48,43," "," "," "," ",2,4,2,38,0,0,0,119,0
401,"Alex Tanguay",COL,LW/RW,-48,54," "," "," "," ",12,25,-3,69,2,10,1,31,27
402,"Adam McQuaid",BOS,D,-48,48," "," "," "," ",1,6,4,42,0,0,0,99,0
403,"Bryan Allen",MTL,D,-48,50," "," "," "," ",0,7,8,38,0,0,0,84,0
404,"Victor Rask",CAR,C,-48,79," "," "," "," ",12,22,-14,171,1,10,0,42,464
405,"Raphael Diaz",NYR,D,-49,53," "," "," "," ",2,10,0,57,0,5,0,26,0
406,"Dylan Olsen",FLA,D,-49,44," "," "," "," ",3,7,-5,52,0,1,0,97,0
407,"Ladislav Smid",CGY,D,-49,62," "," "," "," ",1,5,-9,38,0,0,0,161,0
408,"Jason Chimera",WSH,LW/RW,-50,80," "," "," "," ",8,21,-1,137,1,2,0,133,34
409,"Matt Donovan",BUF,D,-50,32," "," "," "," ",1,9,-3,49,1,3,0,45,0
410,"Matt Dumba",MIN,D,-50,31," "," "," "," ",4,4,5,44,1,3,0,23,0
411,"Jamie McBain",LAK,D,-50,54," "," "," "," ",3,11,-3,65,0,3,0,31,0
412,"Milan Michalek",OTT,LW/RW,-50,62," "," "," "," ",11,21,-5,128,1,7,1,57,6
413,"Robert Bortuzzo",STL,D,-50,43," "," "," "," ",2,6,-3,42,0,0,0,113,0
414,"Ryan Garbutt",CHI,RW,-50,68," "," "," "," ",9,17,1,140,1,0,1,111,9
415,"Josh Bailey",NYI,LW/RW,-50,71," "," "," "," ",11,26,1,120,1,6,0,51,59
416,"Nathan Gerbe",CAR,C/LW/RW,-50,76," "," "," "," ",10,16,-9,195,1,5,1,60,4
417,"Michael Grabner",TOR,RW,-51,58," "," "," "," ",12,12,-1,126,2,1,2,60,6
418,"David Schlemko",NJD,D,-51,47," "," "," "," ",1,6,4,55,0,2,0,56,0
419,"Brett Bellemore",CAR,D,-51,41," "," "," "," ",1,6,0,29,0,0,0,114,0
420,"Matt Hunwick",TOR,D,-51,43," "," "," "," ",1,6,8,56,0,1,0,42,0
421,"Ryan Stanton",WSH,D,-52,40," "," "," "," ",1,8,5,42,0,0,0,64,0
422,"Korbinian Holzer",ANA,D,-52,36," "," "," "," ",1,5,-6,31,1,0,0,114,0
423,"Derek MacKenzie",FLA,C/LW,-52,75," "," "," "," ",6,8,-6,67,0,0,1,243,327
424,"Nate Thompson",ANA,C,-53,79," "," "," "," ",7,12,0,96,1,0,1,155,454
425,"Antti Niemi",DAL,G,-53,61,0.916,2.36,34,4," "," "," "," "," "," "," "," "," "
426,"Rob Scuderi",PIT,D,-53,72," "," "," "," ",1,9,-2,44,0,0,1,35,0
427,"Mark Fistric",ANA,D,-53,29," "," "," "," ",0,5,5,13,0,0,0,110,0
428,"Matt Cullen",PIT,C,-53,70," "," "," "," ",8,27,9,118,1,7,0,18,278
429,"Joffrey Lupul",TOR,LW/RW,-53,50," "," "," "," ",14,16,-6,119,2,7,0,82,10
430,"Andrej Meszaros",BUF,D,-53,44," "," "," "," ",5,8,-6,60,0,1,0,54,0
431,"Rasmus Ristolainen",BUF,D,-53,56," "," "," "," ",5,7,-24,87,0,4,0,92,1
432,"Petr Mrazek",DET,G,-54,15,0.92,2.35,19,5," "," "," "," "," "," "," "," "," "
433,"Cody McLeod",COL,LW/RW,-54,78," "," "," "," ",7,7,2,97,1,0,1,202,3
434,"Jamie McGinn",BUF,LW/RW,-54,59," "," "," "," ",11,16,-10,135,2,7,0,103,2
435,"Marcus Foligno",BUF,LW,-54,70," "," "," "," ",7,15,-11,79,1,2,1,200,83
436,"Nick Schultz",PHI,D,-54,77," "," "," "," ",1,10,-9,52,0,0,0,93,0
437,"Shawn Matthias",TOR,C/LW,-54,79," "," "," "," ",15,13,-5,142,0,2,1,88,140
438,"Connor Murphy",ARI,D,-54,51," "," "," "," ",3,5,-11,51,1,0,0,90,0
439,"Elias Lindholm",CAR,C,-55,68," "," "," "," ",13,17,-17,119,4,10,0,78,109
440,"Casey Cizikas",NYI,C,-55,76," "," "," "," ",7,12,-5,83,1,2,2,135,360
441,"Andrej Sustr",TBL,D,-55,39," "," "," "," ",0,7,5,32,0,0,1,22,0
442,"Mark Borowiecki",OTT,D,-55,28," "," "," "," ",1,3,5,13,0,0,0,105,0
443,"Sean Bergenheim",MIN,LW,-55,59," "," "," "," ",13,11,-9,147,3,4,0,91,2
444,"Mike Weaver",MTL,D,-55,50," "," "," "," ",1,9,-1,31,0,0,0,78,0
445,"Michael Kostka",OTT,D,-55,32," "," "," "," ",1,8,2,48,0,2,0,37,0
446,"Matt Calvert",CBJ,LW,-55,61," "," "," "," ",10,15,-3,98,2,2,1,104,4
447,"RJ Umberger",PHI,C,-55,74," "," "," "," ",12,14,-4,129,1,7,1,109,29
448,"Adam Pardy",WPG,D,-56,48," "," "," "," ",0,7,6,29,0,0,0,64,0
449,"Nikita Nesterov",TBL,D,-56,26," "," "," "," ",2,4,7,43,0,1,0,41,0
450,"Josh Jooris",CGY,C,-56,59," "," "," "," ",12,12,2,88,4,5,0,58,276
451,"Johnny Gaudreau",CGY,LW,-56,40," "," "," "," ",12,20,6,83,2,11,0,7,2
452,"Nick Spaling",TOR,C/LW,-56,78," "," "," "," ",10,18,-4,90,1,4,1,83,132
453,"Derek Roy",EDM,C,-56,73," "," "," "," ",9,28,-3,120,1,9,0,23,303
454,"Matt Stajan",CGY,C,-56,65," "," "," "," ",9,20,0,62,1,0,2,75,390
455,"Keaton Ellerby",WPG,D,-57,42," "," "," "," ",1,3,2,25,1,0,0,67,0
456,"Victor Bartley",NSH,D,-57,43," "," "," "," ",0,9,0,26,0,0,0,74,0
457,"Zach Redmond",COL,D,-57,27," "," "," "," ",2,8,0,41,0,3,0,28,0
458,"David Clarkson",CBJ,RW,-57,67," "," "," "," ",10,10,-13,150,2,4,0,150,13
459,"Marcel Goc",STL,C/LW,-58,73," "," "," "," ",8,12,-7,110,1,3,0,107,477
460,"Steve Oleksy",PIT,D,-58,27," "," "," "," ",1,7,7,23,0,0,0,47,0
461,"Stephen Gionta",NJD,C/RW,-58,69," "," "," "," ",4,11,-1,92,1,0,2,116,178
462,"Mattias Ekholm",NSH,D,-58,48," "," "," "," ",3,6,1,48,0,1,0,33,0
463,"Antoine Roussel",DAL,LW,-59,76," "," "," "," ",12,14,-7,104,1,1,1,128,17
464,"Brian Strait",NYI,D,-59,44," "," "," "," ",2,5,-4,41,0,0,0,82,0
465,"Mikael Granlund",MIN,C,-59,59," "," "," "," ",6,27,4,89,1,8,0,37,327
466,"David Pastrnak",BOS,LW/RW,-59,45," "," "," "," ",11,16,12,93,3,3,0,20,5
467,"Ales Hemsky",DAL,RW,-59,72," "," "," "," ",11,25,-11,137,1,11,0,27,4
468,"Matt Tennyson",SJS,D,-59,17," "," "," "," ",1,4,1,25,0,1,1,29,0
469,"Matt Cooke",MIN,LW,-59,64," "," "," "," ",7,16,2,76,1,1,1,132,5
470,"Maxime Talbot",BOS,C/LW,-60,74," "," "," "," ",6,15,2,97,1,0,1,114,89
471,"Nikita Zadorov",COL,D,-60,34," "," "," "," ",2,6,-7,28,0,2,0,80,1
472,"Nail Yakupov",EDM,LW/RW,-60,75," "," "," "," ",14,20,-28,153,2,9,0,78,0
473,"Olli Jokinen",STL,C,-60,74," "," "," "," ",10,16,-8,143,1,3,0,107,348
474,"Patrick Dwyer",CAR,RW,-60,74," "," "," "," ",7,12,-8,117,1,0,2,120,10
475,"Lauri Korpikoski",EDM,LW/RW,-61,65," "," "," "," ",7,15,-14,105,0,4,2,134,7
476,"Martin Erat",ARI,LW/RW,-61,75," "," "," "," ",6,27,-6,83,1,7,0,85,43
477,"Chris Neil",OTT,RW,-61,64," "," "," "," ",5,8,-2,84,1,2,0,235,2
478,"Jyrki Jokipakka",DAL,D,-62,51," "," "," "," ",0,10,-2,40,0,0,0,42,0
479,"Aleksander Barkov",FLA,C,-62,62," "," "," "," ",12,18,-4,104,2,6,0,26,427
480,"Mark Scheifele",WPG,C,-62,50," "," "," "," ",9,19,7,93,1,6,0,56,276
481,"Paul Postma",WPG,D,-62,40," "," "," "," ",2,6,-1,38,0,3,0,23,0
482,"Jordan Leopold",MIN,D,-62,45," "," "," "," ",1,7,-6,58,0,2,0,34,0
483,"Martin Marincin",TOR,D,-62,42," "," "," "," ",1,5,-3,33,0,1,1,17,1
484,"Derrick Pouliot",PIT,D,-63,34," "," "," "," ",2,5,-11,56,1,4,0,15,0
485,"Nate Prosser",MIN,D,-63,48," "," "," "," ",1,4,2,27,1,0,0,27,0
486,"Keith Aulie",EDM,D,-64,41," "," "," "," ",1,3,-2,30,0,0,0,75,0
487,"Nathan Beaulieu",MTL,D,-65,30," "," "," "," ",0,5,6,29,0,1,0,21,0
488,"Devin Setoguchi",CGY,RW,-65,56," "," "," "," ",8,15,-4,99,2,4,0,103,4
489,"David Moss",ARI,RW,-65,72," "," "," "," ",6,15,-6,129,0,2,1,121,12
490,"Scott Hannan",SJS,D,-65,57," "," "," "," ",2,6,-5,50,0,0,0,37,0
491,"Kyle Clifford",LAK,LW,-66,77," "," "," "," ",5,9,4,95,0,0,0,211,3
492,"Boyd Gordon",ARI,C,-66,75," "," "," "," ",6,13,-8,80,1,3,2,31,659
493,"Scottie Upshall",FLA,RW,-66,61," "," "," "," ",9,12,-6,114,2,3,0,110,25
494,"Corey Potter",CGY,D,-66,27," "," "," "," ",1,3,3,26,0,1,0,36,0
495,"Matt Hendricks",EDM,LW,-66,77," "," "," "," ",6,6,-12,101,1,0,1,193,93
496,"Mikhail Grabovski",NYI,C/RW,-67,64," "," "," "," ",10,18,0,98,1,5,0,26,236
497,"David Rundblad",CHI,D,-67,26," "," "," "," ",1,5,3,31,0,1,0,17,0
498,"Daniel Paille",BOS,LW,-67,73," "," "," "," ",8,11,2,80,1,0,2,75,5
499,"Filip Forsberg",NSH,C/RW,-67,34," "," "," "," ",9,15,1,92,2,8,0,40,1
500,"Nate Schmidt",WSH,D,-67,34," "," "," "," ",2,3,1,41,0,0,0,26,0
501,"Eric Nystrom",NSH,LW/RW,-67,74," "," "," "," ",10,7,-11,90,2,0,1,150,7
502,"Christian Folin",MIN,D,-67,21," "," "," "," ",1,5,3,20,0,1,0,24,0
503,"Brenden Morrow",TBL,LW,-68,72," "," "," "," ",9,14,-1,54,2,4,0,119,7
504,"John Scott",ARI,LW/D,-68,50," "," "," "," ",1,1,-5,19,0,0,0,90,0
505,"Tim Erixon",PIT,D,-68,32," "," "," "," ",1,4,-1,25,0,3,0,24,0
506,"Mark Barberio",MTL,D,-68,34," "," "," "," ",2,4,1,36,0,0,0,21,0
507,"Steve Bernier",NYI,RW,-68,75," "," "," "," ",8,14,-8,115,1,5,0,118,4
508,"Oscar Klefbom",EDM,D,-69,38," "," "," "," ",2,10,-14,55,0,1,0,26,0
509,"Jack Hillen",CAR,D,-69,30," "," "," "," ",1,5,2,26,0,0,0,24,0
510,"Brandon Prust",VAN,C/LW,-69,66," "," "," "," ",5,12,6,64,1,0,1,116,35
511,"Keith Ballard",MIN,D,-69,40," "," "," "," ",1,4,-5,29,0,1,0,50,0
512,"TJ Brennan",TOR,D,-69,28," "," "," "," ",2,7,-13,42,0,4,0,26,0
513,"Mark Pysyk",BUF,D,-69,28," "," "," "," ",1,5,-6,30,1,1,0,17,0
514,"Josh Manson",ANA,D,-69,28," "," "," "," ",0,3,1,26,0,0,0,44,0
515,"Ryan Murphy",CAR,D,-69,30," "," "," "," ",2,6,-8,50,0,2,0,15,0
516,"Semyon Varlamov",COL,G,-69,56,0.92,2.56,29,4," "," "," "," "," "," "," "," "," "
517,"Paul Gaustad",NSH,C/LW,-69,62," "," "," "," ",5,10,0,59,1,0,0,110,524
518,"Kyle Brodziak",STL,C,-70,78," "," "," "," ",8,14,-9,113,1,1,1,71,433
519,"Steven Kampfer",FLA,D,-70,25," "," "," "," ",2,2,-4,28,0,1,0,49,0
520,"Pierre-edouard Bellemare",PHI,LW,-70,80," "," "," "," ",6,6,-3,113,1,0,0,119,356
521,"Brian Lashoff",DET,D,-70,46," "," "," "," ",1,4,-3,28,0,0,0,46,0
522,"Jonathan Drouin",TBL,LW,-70,69," "," "," "," ",4,28,4,75,0,6,0,54,11
523,"Evgeny Kuznetsov",WSH,C/LW,-70,49," "," "," "," ",7,16,4,74,0,7,1,25,155
524,"Rob Klinkhammer",EDM,C/LW/RW,-70,59," "," "," "," ",7,8,3,74,1,1,0,171,2
525,"Ben Chiarot",WPG,D,-70,20," "," "," "," ",1,4,1,18,0,0,0,36,0
526,"Carlo Colaiacovo",BUF,D,-70,22," "," "," "," ",1,4,-3,25,0,2,0,30,0
527,"Luke Glendening",DET,C/LW/RW,-71,69," "," "," "," ",7,6,-2,79,1,1,0,119,410
528,"Colby Robak",ANA,D,-71,18," "," "," "," ",0,2,-1,16,0,0,1,15,0
529,"Oliver Lauridsen",PHI,D,-71,14," "," "," "," ",1,2,-2,14,1,0,0,32,0
530,"Colin Greening",OTT,LW,-71,60," "," "," "," ",5,10,-6,90,1,3,0,173,16
531,"Adam Clendening",PIT,D,-71,21," "," "," "," ",1,3,2,17,0,3,0,9,0
532,"Jamie Oleksiak",DAL,D,-71,23," "," "," "," ",0,4,-3,21,0,0,0,51,0
533,"Patrick Maroon",ANA,LW,-72,52," "," "," "," ",7,16,2,83,1,3,0,94,6
534,"Cody Goloubef",CBJ,D,-72,20," "," "," "," ",0,4,4,16,0,0,0,22,0
535,"Andre Burakovsky",WSH,LW,-72,53," "," "," "," ",9,14,12,65,2,3,0,22,74
536,"Ryan Wilson",COL,D,-72,17," "," "," "," ",0,4,1,20,0,0,0,31,0
537,"Seth Helgeson",NJD,D,-72,21," "," "," "," ",0,2,3,11,0,0,0,42,0
538,"Klas Dahlbeck",ARI,D,-72,22," "," "," "," ",1,3,-6,20,0,0,0,61,0
539,"Ondrej Pavelec",WPG,G,-72,55,0.908,2.69,65,5," "," "," "," "," "," "," "," "," "
540,"Michal Jordan",CAR,D,-72,24," "," "," "," ",1,2,-5,25,1,1,0,19,0
541,"Justin Fontaine",MIN,RW,-72,68," "," "," "," ",11,15,10,90,2,2,0,9,2
542,"Bo Horvat",VAN,C,-73,67," "," "," "," ",13,11,-9,92,1,0,1,69,431
543,"Alex Chiasson",OTT,RW,-73,56," "," "," "," ",10,13,-8,90,2,7,0,62,24
544,"Petteri Lindbohm",STL,D,-73,23," "," "," "," ",2,1,-1,32,0,0,0,26,0
545,"Chris Kelly",BOS,C,-73,64," "," "," "," ",6,14,1,83,1,0,1,90,253
546,"Shane O'Brien",ANA,D,-74,34," "," "," "," ",0,3,-5,20,0,0,0,56,0
547,"Anton Khudobin",ANA,G,-74,30,0.915,2.47,36,3," "," "," "," "," "," "," "," "," "
548,"Peter Harrold",STL,RW/D,-74,38," "," "," "," ",2,3,-8,38,0,1,0,30,0
549,"David Jones",CGY,RW,-74,57," "," "," "," ",9,13,-5,107,1,2,0,103,20
550,"Tom Wilson",WSH,RW,-74,75," "," "," "," ",4,10,1,71,0,1,0,201,1
551,"Mark Stone",OTT,RW,-74,35," "," "," "," ",10,14,9,67,2,4,0,24,3
552,"Dale Weise",MTL,RW,-74,69," "," "," "," ",6,14,6,64,1,0,0,127,2
553,"Alex Biega",VAN,D,-74,7," "," "," "," ",1,0,-2,7,1,0,0,34,0
554,"Ryan Reaves",STL,RW,-74,72," "," "," "," ",4,6,0,39,1,0,0,239,3
555,"Mirco Mueller",SJS,D,-74,39," "," "," "," ",1,3,-8,31,0,0,0,49,0
556,"Tyson Strachan",MIN,D,-74,43," "," "," "," ",0,5,-19,37,0,0,0,88,0
557,"Shawn Horcoff",ANA,C,-74,69," "," "," "," ",8,15,7,71,1,5,0,62,230
558,"Brandon Manning",PHI,D,-75,10," "," "," "," ",0,3,4,7,0,0,0,21,0
559,"Kris Versteeg",CAR,LW/RW,-75,53," "," "," "," ",9,16,1,108,1,5,0,23,24
560,"Erik Haula",MIN,C/LW,-75,59," "," "," "," ",7,8,3,74,2,1,1,27,211
561,"Ryan Carter",MIN,C/LW,-75,63," "," "," "," ",5,10,-2,71,1,0,2,79,29
562,"Zach Trotman",BOS,D,-76,14," "," "," "," ",1,2,-1,23,0,0,0,22,0
563,"Joe Morrow",BOS,D,-76,15," "," "," "," ",1,0,3,20,0,0,0,18,0
564,"Jimmy Hayes",BOS,RW,-76,48," "," "," "," ",10,10,-3,86,1,5,0,95,6
565,"Jonathon Blum",MIN,D,-77,26," "," "," "," ",0,4,-2,20,0,0,0,21,0
566,"Michael Hutchinson",WPG,G,-77,22,0.916,2.31,23,2," "," "," "," "," "," "," "," "," "
567,"Zack Kassian",MTL,RW,-77,61," "," "," "," ",10,12,-6,77,2,2,0,98,4
568,"Bryce Salvador",NJD,D,-77,41," "," "," "," ",0,3,-8,29,0,0,0,45,0
569,"Julien Brouillette",WPG,D,-77,6," "," "," "," ",1,0,2,2,1,0,0,6,0
570,"Maxim Lapierre",PIT,C/RW,-77,78," "," "," "," ",5,9,-9,85,1,0,0,139,293
571,"Marcus Kruger",CHI,C,-77,81," "," "," "," ",6,16,2,105,2,1,0,24,341
572,"Brandon Gormley",COL,D,-78,16," "," "," "," ",1,1,-2,22,0,1,0,16,0
573,"Derek Dorsett",VAN,RW,-78,57," "," "," "," ",5,11,-3,71,1,0,1,119,7
574,"Luke Witkowski",TBL,D,-78,15," "," "," "," ",0,0,1,9,0,0,0,34,0
575,"Melker Karlsson",SJS,C/RW,-78,52," "," "," "," ",13,11,-3,97,2,1,0,50,13
576,"Dave Bolland",FLA,C,-78,45," "," "," "," ",7,13,-3,63,1,4,1,69,266
577,"Xavier Ouellet",DET,D,-78,13," "," "," "," ",1,1,2,16,0,0,0,9,0
578,"Jay McClement",CAR,C,-78,81," "," "," "," ",6,13,-5,70,1,0,0,115,474
579,"Chad Ruhwedel",BUF,D,-79,12," "," "," "," ",0,1,0,18,0,1,0,13,0
580,"Jarred Tinordi",MTL,D,-79,16," "," "," "," ",0,2,-1,8,0,0,0,29,0
581,"Craig Adams",PIT,RW,-79,78," "," "," "," ",3,8,-6,66,0,0,1,186,43
582,"Justin Falk",CBJ,D,-79,34," "," "," "," ",0,3,-10,25,0,0,0,47,0
583,"Damien Brunner",NJD,RW,-79,51," "," "," "," ",8,16,-8,110,1,10,0,18,2
584,"Stefan Elliott",ARI,D,-79,12," "," "," "," ",1,2,-3,24,0,1,0,7,0
585,"Darren Helm",DET,C,-79,39," "," "," "," ",9,8,2,81,1,3,1,69,166
586,"Stuart Percy",TOR,D,-79,9," "," "," "," ",0,3,-4,13,0,2,0,14,0
587,"Marko Dano",CHI,C,-79,35," "," "," "," ",8,13,12,84,1,0,0,94,16
588,"Alex Petrovic",FLA,D,-80,16," "," "," "," ",0,1,-4,13,0,0,0,39,0
589,"Chris Summers",NYR,D,-80,16," "," "," "," ",1,1,-5,13,0,0,0,34,0
590,"Dainius Zubrus",NJD,C/LW/RW,-80,64," "," "," "," ",6,10,-4,77,1,0,1,86,88
591,"Viktor Stalberg",NYR,LW/RW,-81,58," "," "," "," ",6,15,1,104,1,1,0,61,1
592,"Riley Nash",CAR,C,-81,65," "," "," "," ",7,15,-5,81,1,4,0,76,305
593,"Patrik Nemeth",DAL,D,-81,15," "," "," "," ",0,2,-2,10,0,0,0,22,0
594,"Jeff Schultz",LAK,D,-81,27," "," "," "," ",0,3,-4,14,0,0,0,20,0
595,"Gabriel Bourque",NSH,LW/RW,-81,67," "," "," "," ",8,13,-5,88,1,2,0,94,2
596,"Trevor Van Riemsdyk",CHI,D,-81,18," "," "," "," ",1,0,0,22,0,0,0,4,0
597,"Taylor Fedun",VAN,D,-81,5," "," "," "," ",1,2,-1,8,0,1,0,1,0
598,"Greg Pateryn",MTL,D,-82,11," "," "," "," ",0,0,0,5,0,0,0,25,0
599,"Joe Colborne",CGY,C/LW/RW,-82,51," "," "," "," ",6,13,-4,52,1,3,0,100,134
600,"Brandon Pirri",FLA,C/LW/RW,-82,33," "," "," "," ",12,5,4,74,2,4,0,21,98
601,"Zack Smith",OTT,C,-82,66," "," "," "," ",6,10,-10,114,0,1,0,134,385
602,"Griffin Reinhart",EDM,D,-82,8," "," "," "," ",0,1,1,4,0,0,0,14,0
603,"Danny Briere",COL,C/RW,-82,61," "," "," "," ",9,11,-7,105,2,5,0,22,82
604,"Matthew Nieto",SJS,LW,-82,59," "," "," "," ",9,13,-9,112,1,4,1,15,2
605,"Andrew Campbell",ARI,D,-82,18," "," "," "," ",0,1,-6,16,0,0,0,34,0
606,"Mat Clark",COL,D,-82,7," "," "," "," ",0,1,2,2,0,0,0,10,0
607,"David Warsofsky",PIT,D,-82,5," "," "," "," ",1,1,1,9,0,0,0,1,0
608,"Alexey Marchenko",DET,D,-83,7," "," "," "," ",1,0,2,4,0,0,0,5,0
609,"Andrew Macwilliam",WPG,D,-83,12," "," "," "," ",0,2,-6,5,0,0,0,35,0
610,"Anders Lee",NYI,C,-83,34," "," "," "," ",12,7,3,90,2,3,0,73,1
611,"Danny Biega",CAR,D,-83,10," "," "," "," ",0,2,-5,7,0,0,0,27,0
612,"Tuomo Ruutu",NJD,LW/RW,-83,60," "," "," "," ",6,10,-10,75,1,1,0,157,6
613,"Stu Bickel",MIN,D,-83,18," "," "," "," ",0,1,-1,4,0,0,0,17,0
614,"Brooks Laich",WSH,C/LW,-83,44," "," "," "," ",5,9,-2,67,1,2,1,64,110
615,"Mike Santorelli",ANA,C,-83,56," "," "," "," ",7,17,0,90,1,1,1,32,115
616,"Brian Dumoulin",PIT,D,-83,7," "," "," "," ",1,0,1,4,0,0,0,6,0
617,"PA Parenteau",TOR,RW,-83,55," "," "," "," ",8,14,0,94,1,4,0,32,10
618,"Jiri Sekac",ANA,LW/RW,-84,69," "," "," "," ",9,14,-1,85,0,3,0,75,0
619,"Tomas Kopecky",FLA,RW,-84,64," "," "," "," ",7,12,-11,118,0,4,1,57,18
620,"Erik Condra",TBL,RW,-84,75," "," "," "," ",6,14,5,102,0,0,1,28,4
621,"Barclay Goodrow",SJS,C/RW,-84,60," "," "," "," ",4,8,-1,68,2,0,1,76,12
622,"Brad Richardson",ARI,C,-84,48," "," "," "," ",7,11,1,64,1,1,1,52,279
623,"Petter Granberg",TOR,D,-84,4," "," "," "," ",0,0,1,1,0,0,0,10,0
624,"Karl Stollery",SJS,D,-85,6," "," "," "," ",0,0,0,5,0,0,0,10,0
625,"Curtis Lazar",OTT,C,-85,66," "," "," "," ",6,8,0,92,0,0,0,164,127
626,"David Musil",EDM,D,-85,3," "," "," "," ",0,2,-1,2,0,0,0,4,0
627,"Colin McDonald",PHI,RW,-85,55," "," "," "," ",6,12,-11,86,0,0,0,169,4
628,"Brad Hunt",EDM,D,-85,7," "," "," "," ",1,1,-5,11,0,1,0,4,0
629,"Drew Miller",DET,LW/RW,-85,79," "," "," "," ",5,9,-8,102,1,1,0,123,5
630,"Ryane Clowe",NJD,LW/RW,-85,41," "," "," "," ",4,17,-4,76,0,5,0,87,2
631,"Tyler Kennedy",NYI,LW/RW,-85,61," "," "," "," ",5,12,-7,131,1,2,0,58,28
632,"Patrick Eaves",DAL,LW/RW,-86,45," "," "," "," ",6,10,1,75,1,5,0,62,5
633,"Frank Corrado",VAN,D,-86,10," "," "," "," ",1,0,-4,11,0,0,0,11,0
634,"Martin Havlat",NJD,LW/RW,-86,54," "," "," "," ",7,15,-3,93,1,7,0,11,1
635,"Cory Conacher",VAN,LW,-86,58," "," "," "," ",6,17,0,78,1,2,0,45,5
636,"Tomas Jurco",DET,LW/RW,-86,50," "," "," "," ",6,11,3,85,0,3,0,82,0
637,"Michael Paliotta",CBJ,D,-86,1," "," "," "," ",0,1,0,2,0,0,0,0,0
638,"Slater Koekkoek",TBL,D,-86,3," "," "," "," ",0,0,0,6,0,0,0,2,0
639,"Anthony Bitetto",NSH,D,-86,7," "," "," "," ",0,0,-1,2,0,0,0,9,1
640,"Vincent Trocheck",FLA,C/RW,-86,35," "," "," "," ",6,9,-1,63,0,1,1,66,197
641,"Brandon Davidson",EDM,D,-86,11," "," "," "," ",1,0,-5,6,0,0,0,17,0
642,"FrÉdÉric St-denis",CBJ,D,-86,4," "," "," "," ",0,1,-1,2,0,0,0,2,0
643,"Rasmus Rissanen",CAR,D,-86,6," "," "," "," ",0,0,-5,3,0,0,0,25,0
644,"Taylor Chorney",WSH,D,-87,7," "," "," "," ",0,0,-1,4,0,0,0,5,0
645,"Tyler Wotherspoon",CGY,D,-87,8," "," "," "," ",0,2,-3,2,0,0,0,4,0
646,"Jake Mccabe",BUF,D,-87,5," "," "," "," ",0,1,-2,2,0,0,0,5,0
647,"Valeri Nichushkin",DAL,RW,-87,44," "," "," "," ",7,11,8,67,1,2,0,47,0
648,"Kyle Cumiskey",CHI,D,-87,7," "," "," "," ",0,0,-1,5,0,0,0,3,0
649,"Joe Piskula",ANA,D,-87,2," "," "," "," ",0,0,0,1,0,0,0,1,0
650,"Duncan Siemens",COL,D,-87,1," "," "," "," ",0,0,0,0,0,0,0,2,0
651,"Conor Allen",NSH,D,-87,4," "," "," "," ",0,0,-1,2,0,0,0,4,0
652,"John Ramage",CBJ,D,-87,1," "," "," "," ",0,0,-1,4,0,0,0,2,0
653,"Emerson Etem",NYR,LW/RW,-87,46," "," "," "," ",5,8,2,70,1,0,1,65,1
654,"Dylan Reese",ARI,D,-87,3," "," "," "," ",0,0,-1,3,0,0,0,2,0
655,"Brett Kulak",CGY,D,-87,1," "," "," "," ",0,0,0,0,0,0,0,0,0
656,"Philip Samuelsson",ARI,D,-87,5," "," "," "," ",0,0,-2,5,0,0,0,4,0
657,"Cameron Schilling",CHI,D,-88,2," "," "," "," ",0,0,-1,2,0,0,0,2,0
658,"Andrew Desjardins",CHI,LW,-88,74," "," "," "," ",3,9,-6,78,1,0,0,109,188
659,"Darnell Nurse",EDM,D,-88,2," "," "," "," ",0,0,-2,2,0,0,0,5,0
660,"Keegan Lowe",CAR,D,-88,1," "," "," "," ",0,0,-1,0,0,0,0,2,0
661,"Dylan McIlrath",NYR,D,-88,2," "," "," "," ",0,0,-1,0,0,0,0,2,0
662,"Rene Bourque",CBJ,RW,-88,53," "," "," "," ",7,9,-6,101,1,3,0,75,3
663,"Jordan Oesterle",EDM,D,-88,6," "," "," "," ",0,1,-4,7,0,0,0,2,0
664,"Mark Alt",PHI,D,-88,1," "," "," "," ",0,0,-1,0,0,0,0,1,0
665,"Steve Downie",ARI,LW/RW,-89,46," "," "," "," ",6,12,1,65,1,3,0,61,3
666,"Shayne Gostisbehere",PHI,D,-89,2," "," "," "," ",0,0,-2,2,0,0,0,0,0
667,"Jesse Blacker",FLA,D,-89,1," "," "," "," ",0,0,-2,0,0,0,0,1,0
668,"Paul Byron",CGY,C/LW,-90,37," "," "," "," ",4,10,1,37,0,1,2,57,16
669,"Karri Ramo",CGY,G,-90,37,0.911,2.49,32,5," "," "," "," "," "," "," "," "," "
670,"Mike Hoffman",OTT,C/LW,-90,36," "," "," "," ",10,8,4,89,1,2,0,22,5
671,"Tanner Glass",NYR,LW,-90,71," "," "," "," ",2,6,-12,57,0,0,0,231,12
672,"Eddie Lack",CAR,G,-91,42,0.915,2.65,33,5," "," "," "," "," "," "," "," "," "
673,"Jay Beagle",WSH,C,-92,69," "," "," "," ",5,10,-2,80,1,0,0,88,254
674,"Scott Harrington",TOR,D,-92,10," "," "," "," ",0,0,-10,9,0,0,0,12,0
675,"Tanner Pearson",LAK,LW,-93,34," "," "," "," ",8,4,8,50,2,1,0,41,3
676,"Simon Gagne",BOS,LW/RW,-94,44," "," "," "," ",4,10,-1,74,0,4,1,32,2
677,"Kyle Chipchura",ARI,C,-95,76," "," "," "," ",5,14,-7,63,0,0,0,120,255
678,"Brian Flynn",MTL,C,-95,62," "," "," "," ",6,9,-4,85,0,0,2,39,127
679,"Ben Smith",SJS,RW,-95,52," "," "," "," ",7,7,2,61,1,1,0,37,168
680,"J.t. Brown",TBL,RW,-96,57," "," "," "," ",4,10,-6,92,0,1,1,56,7
681,"David Booth",TOR,LW,-96,49," "," "," "," ",6,6,-4,89,1,0,0,82,7
682,"Nicolas Deslauriers",BUF,LW,-96,50," "," "," "," ",3,5,-17,53,1,0,1,156,0
683,"Dany Heatley",ANA,LW/RW,-96,48," "," "," "," ",8,12,-13,82,1,7,0,26,6
684,"Linden Vey",VAN,RW,-96,46," "," "," "," ",5,10,-2,34,1,4,1,8,134
685,"Zac Rinaldo",BOS,C/LW/RW,-96,60," "," "," "," ",2,4,-11,43,0,0,0,224,1
686,"Darcy Kuemper",MIN,G,-96,22,0.91,2.47,26,6," "," "," "," "," "," "," "," "," "
687,"Brett Ritchie",DAL,RW,-97,31," "," "," "," ",6,3,-1,78,1,1,0,89,1
688,"Devante Smith-Pelly",MTL,RW,-97,35," "," "," "," ",3,8,0,46,0,0,1,93,8
689,"Richard Panik",TOR,RW,-98,56," "," "," "," ",6,9,-7,66,1,2,0,78,2
690,"Calle Jarnkrok",NSH,C,-98,43," "," "," "," ",5,9,5,54,1,1,1,17,176
691,"James Sheppard",NYR,C,-98,64," "," "," "," ",4,12,-4,77,0,1,0,109,128
692,"Peter Holland",TOR,C,-98,47," "," "," "," ",6,9,1,59,1,2,0,59,193
693,"Scott Gomez",NJD,C,-99,57," "," "," "," ",4,20,-13,72,0,9,0,18,261
694,"Brandon Bollig",CGY,LW,-99,62," "," "," "," ",3,4,-4,78,0,0,0,140,1
695,"Riley Sheahan",DET,C,-99,41," "," "," "," ",7,13,2,61,0,5,0,15,243
696,"Chris Tierney",SJS,C,-100,42," "," "," "," ",6,15,2,46,1,5,0,11,148
697,"Chris Thorburn",WPG,RW,-100,69," "," "," "," ",4,7,-4,40,1,0,0,117,25
698,"TJ Galiardi",WPG,LW,-100,54," "," "," "," ",3,9,-8,81,0,1,1,60,23
699,"Jordin Tootoo",NJD,RW,-100,50," "," "," "," ",4,6,-1,55,1,1,0,90,0
700,"Joe Vitale",ARI,C/RW,-100,59," "," "," "," ",2,8,-7,46,1,0,0,90,231
701,"Beau Bennett",PIT,LW/RW,-101,38," "," "," "," ",3,10,1,54,1,2,0,50,1
702,"Andrej Nestrasil",CAR,C,-101,53," "," "," "," ",7,13,-1,81,0,3,0,52,52
703,"Jean-gabriel Pageau",OTT,C,-101,31," "," "," "," ",4,4,0,49,1,0,1,75,164
704,"Jake Allen",STL,G,-102,19,0.91,2.52,30,5," "," "," "," "," "," "," "," "," "
705,"Rich Clune",NSH,LW,-102,46," "," "," "," ",2,5,-2,33,1,0,0,129,0
706,"Jason Zucker",MIN,LW/RW,-102,35," "," "," "," ",9,4,-1,75,1,1,0,36,1
707,"Ryan White",PHI,RW,-102,43," "," "," "," ",3,4,-1,43,1,0,0,93,116
708,"Shawn Thornton",FLA,LW/RW,-103,61," "," "," "," ",3,5,-4,79,0,0,0,111,4
709,"Jordan Nolan",LAK,C/LW/RW,-103,66," "," "," "," ",4,5,-5,49,1,0,0,107,1
710,"Colton Sceviour",DAL,C/LW,-104,33," "," "," "," ",6,7,-1,61,1,2,0,33,16
711,"Marc-andre Cliche",COL,RW,-104,75," "," "," "," ",2,5,-7,68,0,0,1,26,353
712,"J.t. Miller",NYR,C,-104,44," "," "," "," ",5,8,-3,70,1,3,0,69,61
713,"Torrey Mitchell",MTL,C/RW,-104,69," "," "," "," ",4,8,-8,59,1,0,0,65,142
714,"Chad Johnson",BUF,G,-104,18,0.914,2.55,27,3," "," "," "," "," "," "," "," "," "
715,"Alex Stalock",SJS,G,-104,17,0.916,2.57,20,4," "," "," "," "," "," "," "," "," "
716,"Daniel Cleary",DET,LW/RW,-104,50," "," "," "," ",4,6,-9,74,0,2,1,55,8
717,"Alexander Wennberg",CBJ,C,-105,68," "," "," "," ",4,16,-19,85,0,4,0,58,288
718,"Andrew Hammond",OTT,G,-105,13,0.942,1.83,20,3," "," "," "," "," "," "," "," "," "
719,"Matt Halischuk",WPG,RW,-106,52," "," "," "," ",4,7,1,66,1,0,0,43,2
720,"Travis Moen",DAL,LW/RW,-106,62," "," "," "," ",2,9,-1,49,0,0,0,95,4
721,"Mark Arcobello",TOR,C,-106,40," "," "," "," ",7,9,-6,66,0,2,0,63,224
722,"Brad Malone",CAR,C/LW,-109,39," "," "," "," ",4,4,-6,32,1,0,0,100,32
723,"Drew Shore",CGY,C,-109,36," "," "," "," ",3,8,-7,61,1,2,1,32,109
724,"Evgeni Nabokov",SJS,G,-109,36,0.905,2.64,41,7," "," "," "," "," "," "," "," "," "
725,"Jacob De La Rose",MTL,LW,-110,32," "," "," "," ",4,2,-4,37,0,0,1,70,64
726,"Chris Porter",PHI,LW,-110,32," "," "," "," ",1,4,0,40,1,0,0,83,11
727,"Matt Frattin",TOR,RW,-110,32," "," "," "," ",3,5,1,45,1,0,0,59,3
728,"Daniel Carcillo",CHI,LW,-110,45," "," "," "," ",3,3,1,41,1,0,0,70,0
729,"Tim Jackman",ANA,RW,-111,54," "," "," "," ",3,4,-7,58,0,0,0,113,8
730,"Patrick Bordeleau",COL,LW/RW,-111,54," "," "," "," ",3,4,-3,26,0,0,0,124,0
731,"Magnus Paajarvi",STL,LW,-111,46," "," "," "," ",5,7,-4,61,1,1,0,25,2
732,"Dennis Everberg",COL,RW,-111,55," "," "," "," ",3,10,-7,62,0,0,0,73,0
733,"Jack Skille",CBJ,RW,-111,43," "," "," "," ",4,6,-11,80,0,0,0,90,4
734,"B.J. Crombeen",ARI,RW,-111,62," "," "," "," ",2,8,-2,61,0,0,0,68,3
735,"Joakim Andersson",DET,C,-111,66," "," "," "," ",5,8,-5,75,1,0,0,27,225
736,"Michael Bournival",MTL,LW,-112,42," "," "," "," ",5,4,-4,47,1,2,0,45,12
737,"Jacob Josefson",NJD,C/LW,-112,42," "," "," "," ",3,3,-4,39,0,1,1,31,161
738,"Markus Granlund",CGY,C,-112,27," "," "," "," ",5,6,-1,36,1,1,1,23,111
739,"Jordan Schroeder",MIN,C/RW,-113,34," "," "," "," ",3,6,0,43,1,1,0,23,84
740,"Taylor Beck",NYI,LW/RW,-113,32," "," "," "," ",4,5,-2,48,1,2,0,29,4
741,"Michael Ferland",CGY,LW,-114,25," "," "," "," ",2,3,1,31,1,1,0,61,0
742,"Ryan Spooner",BOS,C/LW,-115,19," "," "," "," ",2,8,1,41,0,4,0,10,55
743,"Corey Tropp",CHI,LW/RW,-115,57," "," "," "," ",2,8,-6,29,0,0,0,96,1
744,"Rickard Rakell",ANA,C,-116,32," "," "," "," ",3,9,1,45,0,3,0,36,138
745,"Ronalds Kenins",VAN,LW,-116,29," "," "," "," ",3,7,-3,37,0,0,0,71,0
746,"Ryan Malone",NYR,LW/RW,-116,35," "," "," "," ",4,5,-6,55,0,2,0,55,4
747,"Peter Regin",CHI,C/LW,-116,37," "," "," "," ",1,5,-3,44,0,0,1,23,90
748,"Manny Malhotra",MTL,C,-116,47," "," "," "," ",3,3,-3,34,1,0,0,44,387
749,"Seth Griffith",BOS,C/RW,-117,30," "," "," "," ",6,4,-2,33,1,3,0,14,3
750,"Thomas Greiss",NYI,G,-117,19,0.915,2.63,20,4," "," "," "," "," "," "," "," "," "
751,"Brett Connolly",BOS,LW/RW,-117,25," "," "," "," ",5,2,-2,37,1,1,0,35,16
752,"Martin Brodeur",STL,G,-117,29,0.901,2.44,35,6," "," "," "," "," "," "," "," "," "
753,"Craig Cunningham",ARI,C/LW,-118,26," "," "," "," ",2,2,-3,28,0,0,1,53,36
754,"Dmitrij Jaskin",STL,RW,-118,25," "," "," "," ",4,2,1,42,0,0,0,63,1
755,"Cedric Paquette",TBL,C,-118,33," "," "," "," ",6,4,3,45,0,0,0,64,64
756,"Eric Tangradi",DET,LW,-120,44," "," "," "," ",1,3,-5,45,0,0,0,87,1
757,"Brian Gibbons",NYR,C,-120,33," "," "," "," ",3,8,4,25,0,1,1,19,7
758,"Johan Larsson",BUF,LW,-120,23," "," "," "," ",2,5,0,25,0,1,0,38,95
759,"Mike Brown",SJS,RW,-120,45," "," "," "," ",1,2,-7,31,0,0,0,116,4
760,"Patrick Kaleta",BUF,RW,-121,35," "," "," "," ",0,2,-7,25,0,0,1,80,3
761,"Jesper Fast",NYR,LW/RW,-121,35," "," "," "," ",3,4,-3,30,0,1,0,61,2
762,"Drayson Bowman",MTL,LW,-121,45," "," "," "," ",2,5,-4,61,0,0,0,43,3
763,"Tye McGinn",TBL,LW,-121,33," "," "," "," ",3,4,0,41,0,0,0,44,0
764,"Jim Slater",WPG,C,-121,51," "," "," "," ",2,4,-5,37,0,0,0,82,251
765,"Jared Boll",CBJ,RW,-121,58," "," "," "," ",1,4,-7,24,0,0,0,107,1
766,"Curtis Mckenzie",DAL,LW,-121,36," "," "," "," ",4,1,-7,41,0,0,0,85,3
767,"Jayson Megna",NYR,RW,-122,24," "," "," "," ",3,2,-1,25,1,0,0,44,1
768,"Vladislav Namestnikov",TBL,C,-122,23," "," "," "," ",5,3,1,25,2,1,0,21,41
769,"Jeremy Morin",CHI,LW/RW,-123,24," "," "," "," ",3,4,2,43,0,0,0,23,2
770,"Stephen Weiss",DET,C,-123,35," "," "," "," ",4,8,-7,37,1,4,0,11,112
771,"Adam Burish",SJS,RW,-123,38," "," "," "," ",1,2,-8,32,0,0,1,46,73
772,"Luke Gazdic",EDM,LW,-124,53," "," "," "," ",2,2,-6,28,0,0,0,89,2
773,"Sven Baertschi",VAN,LW,-124,26," "," "," "," ",2,9,-3,29,0,2,0,17,0
774,"Teemu Pulkkinen",DET,LW,-124,17," "," "," "," ",3,1,3,35,1,1,0,3,0
775,"Anton Lander",EDM,C/LW/RW,-124,28," "," "," "," ",2,6,-9,32,0,2,0,35,106
776,"Joakim Lindstrom",TOR,C/LW/RW,-125,53," "," "," "," ",4,6,-15,61,0,5,0,14,7
777,"Andy Andreoff",LAK,LW,-125,18," "," "," "," ",2,1,1,14,1,0,0,33,32
778,"Nick Shore",LAK,C,-125,34," "," "," "," ",1,6,0,33,0,1,0,51,127
779,"James Reimer",TOR,G,-126,39,0.913,2.97,39,6," "," "," "," "," "," "," "," "," "
780,"Colton Orr",TOR,RW,-126,43," "," "," "," ",0,2,0,11,0,0,0,83,0
781,"Matt Fraser",WPG,LW/RW,-126,31," "," "," "," ",4,2,-6,44,0,0,0,49,1
782,"Troy Bodie",TOR,RW,-126,26," "," "," "," ",2,3,3,26,0,0,0,34,1
783,"Chris Terry",CAR,LW/RW,-127,24," "," "," "," ",4,4,-3,29,0,2,0,19,2
784,"Iiro Pakarinen",EDM,RW,-127,17," "," "," "," ",1,2,-4,34,0,2,0,51,1
785,"Cody McCormick",BUF,C/LW/RW,-127,30," "," "," "," ",1,3,-6,23,0,0,0,61,83
786,"William Karlsson",CBJ,C,-128,21," "," "," "," ",3,2,3,29,1,1,0,18,93
787,"Anthony Duclair",ARI,LW,-128,18," "," "," "," ",1,6,4,18,0,1,0,6,0
788,"Brian McGrattan",ANA,RW,-128,40," "," "," "," ",2,2,-4,41,0,0,0,48,1
789,"Anthony Peluso",WPG,RW,-128,37," "," "," "," ",1,2,-2,18,0,0,0,66,0
790,"Aaron Volpatti",WSH,LW,-129,33," "," "," "," ",1,1,-2,17,0,0,0,69,2
791,"Tom Sestito",VAN,LW,-129,44," "," "," "," ",3,2,-6,18,0,0,0,67,1
792,"Zach Sill",WSH,C,-129,42," "," "," "," ",1,1,-5,29,0,0,0,115,40
793,"Stephane Veilleux",MIN,LW,-129,23," "," "," "," ",2,1,-1,18,1,0,0,25,1
794,"Teuvo Teravainen",CHI,LW,-129,18," "," "," "," ",2,2,2,34,0,1,0,6,21
795,"John Gibson",ANA,G,-130,14,0.919,2.58,16,2," "," "," "," "," "," "," "," "," "
796,"Liam O'brien",WSH,C/LW,-130,13," "," "," "," ",1,1,4,16,0,0,0,35,1
797,"Zach Boychuk",CAR,LW/RW,-130,21," "," "," "," ",2,3,0,25,0,0,0,26,0
798,"Joakim Nordstrom",CAR,LW,-130,27," "," "," "," ",1,2,-4,34,0,0,0,45,6
799,"Antti Raanta",NYR,G,-131,21,0.912,2.59,20,3," "," "," "," "," "," "," "," "," "
800,"Adam Cracknell",VAN,RW,-131,23," "," "," "," ",1,3,-2,23,0,0,0,41,12
801,"Brandon McMillan",VAN,C/LW,-131,30," "," "," "," ",1,3,-7,31,0,0,0,51,10
802,"Michael Latta",WSH,C,-131,35," "," "," "," ",1,4,2,15,0,0,0,53,110
803,"Niklas Svedberg",BOS,G,-132,11,0.92,2.47,8,2," "," "," "," "," "," "," "," "," "
804,"Trevor Smith",TOR,C,-132,28," "," "," "," ",2,2,-4,23,1,0,0,40,135
805,"Matt Puempel",OTT,LW,-133,13," "," "," "," ",2,1,6,14,0,0,0,9,0
806,"Jordan Caron",STL,RW,-133,31," "," "," "," ",1,1,-3,32,0,0,0,40,0
807,"Stefan Matteau",NJD,LW,-133,18," "," "," "," ",1,2,-1,21,0,0,0,30,0
808,"Leon Draisaitl",EDM,C,-134,37," "," "," "," ",2,7,-17,49,1,2,0,21,128
809,"Reid Boucher",NJD,C/LW,-135,17," "," "," "," ",2,2,-1,24,0,0,0,13,1
810,"Chris VandeVelde",PHI,C,-135,36," "," "," "," ",3,3,-4,30,0,0,0,57,19
811,"Matt Ellis",BUF,C/LW,-135,33," "," "," "," ",2,1,-6,37,0,0,0,16,61
812,"Cam Ward",CAR,G,-135,34,0.906,2.64,40,2," "," "," "," "," "," "," "," "," "
813,"Scott Laughton",PHI,C,-135,20," "," "," "," ",1,2,-1,34,0,1,0,38,77
814,"Jesse Joensuu",EDM,LW/RW,-136,25," "," "," "," ",2,2,-8,26,0,0,0,40,0
815,"Zac Dalpe",MIN,C/RW,-136,31," "," "," "," ",2,3,-9,36,0,0,0,23,42
816,"Jordan Szwarz",ARI,RW,-136,17," "," "," "," ",2,0,-4,16,1,0,0,14,1
817,"Bryan Rust",PIT,RW,-136,14," "," "," "," ",1,1,-3,34,0,0,0,21,0
818,"Tyler Pitlick",EDM,RW,-136,14," "," "," "," ",2,0,-3,13,0,0,0,40,3
819,"Kerby Rychel",CBJ,LW,-137,5," "," "," "," ",0,3,3,4,0,0,0,11,0
820,"Carter Ashton",TBL,RW,-137,20," "," "," "," ",0,2,-1,14,0,0,0,26,7
821,"Lucas Lessio",ARI,LW,-137,15," "," "," "," ",1,2,-6,24,0,0,0,31,0
822,"Chris Conner",PHI,RW,-137,14," "," "," "," ",2,1,0,15,0,0,0,15,0
823,"Landon Ferraro",DET,C/RW,-137,3," "," "," "," ",1,0,1,2,1,0,0,5,0
824,"Eric Boulton",NYI,LW,-137,20," "," "," "," ",1,1,-2,14,0,0,0,27,0
825,"Steven Pinizzotto",EDM,RW,-138,15," "," "," "," ",1,2,-3,11,0,0,0,30,0
826,"Colin Fraser",STL,C,-138,31," "," "," "," ",1,3,-4,19,0,0,0,59,55
827,"Eric O'dell",OTT,C,-138,21," "," "," "," ",2,2,-1,12,1,0,0,23,48
828,"Brett Sutter",MIN,C/LW,-139,9," "," "," "," ",0,2,-1,8,0,0,0,20,14
829,"Brandon Kozun",TOR,RW,-139,20," "," "," "," ",2,2,-3,8,0,0,0,21,1
830,"Dana Tyrell",CBJ,C/LW,-139,15," "," "," "," ",0,2,-2,12,0,0,0,19,2
831,"Sven Andrighetto",MTL,RW,-140,12," "," "," "," ",2,1,0,12,0,0,0,5,3
832,"Eriah Hayes",SJS,RW,-140,10," "," "," "," ",1,0,-2,14,0,0,0,24,5
833,"Josh Anderson",CBJ,RW,-140,6," "," "," "," ",0,1,-1,10,0,0,0,24,0
834,"Ryan Hamilton",EDM,LW,-140,12," "," "," "," ",0,2,-4,8,0,1,0,22,2
835,"Mikhail Grigorenko",COL,C,-140,29," "," "," "," ",2,4,-6,36,0,1,0,15,88
836,"Bobby Farnham",PIT,RW,-140,11," "," "," "," ",0,0,0,6,0,0,0,26,0
837,"Brian Ferlin",BOS,RW,-140,7," "," "," "," ",0,1,0,6,0,0,0,20,0
838,"David Van Der Gulik",LAK,LW,-140,6," "," "," "," ",0,1,2,7,0,0,0,6,2
839,"Mike Sislo",NJD,RW,-141,12," "," "," "," ",0,1,-2,17,0,0,0,16,3
840,"Nicklas Jensen",VAN,LW/RW,-141,8," "," "," "," ",1,1,-1,13,0,0,0,6,0
841,"Michael Chaput",CBJ,C,-141,25," "," "," "," ",1,2,-4,15,0,0,0,47,93
842,"Will Acton",EDM,C,-141,17," "," "," "," ",2,1,-2,10,1,0,0,20,51
843,"Ben Street",COL,C,-141,9," "," "," "," ",0,1,-1,13,0,0,1,10,35
844,"Harrison Zolnierczyk",ANA,LW,-141,9," "," "," "," ",1,0,0,7,0,0,0,11,1
845,"Andrei Vasilevskiy",TBL,G,-142,16,0.918,2.62,7,1," "," "," "," "," "," "," "," "," "
846,"Chris Wagner",ANA,RW,-142,9," "," "," "," ",0,0,-2,7,0,0,0,22,33
847,"Andrew Ebbett",PIT,C,-142,27," "," "," "," ",1,5,-2,23,0,0,0,16,53
848,"Jerry D'amigo",BUF,RW,-142,16," "," "," "," ",1,1,-3,10,0,0,0,16,1
849,"Emile Poirier",CGY,LW,-142,6," "," "," "," ",0,1,1,2,0,0,0,7,0
850,"Petr Straka",PHI,RW,-142,3," "," "," "," ",0,2,1,2,0,0,0,4,0
851,"Miikka Salomaki",NSH,RW,-142,1," "," "," "," ",1,0,1,4,0,0,0,7,0
852,"Sam Carrick",TOR,C,-143,15," "," "," "," ",1,1,1,16,0,0,0,30,37
853,"Jason Akeson",BUF,RW,-143,5," "," "," "," ",0,1,1,5,0,0,0,4,0
854,"Carl Klingberg",NYR,LW,-143,3," "," "," "," ",1,0,1,2,0,0,0,2,0
855,"Shane Prince",OTT,LW,-143,2," "," "," "," ",0,1,1,2,0,0,0,2,0
856,"Jordan Martinook",ARI,LW,-143,8," "," "," "," ",0,1,-3,8,0,0,0,14,1
857,"Tim Schaller",BUF,C,-144,18," "," "," "," ",1,1,-5,19,0,0,0,44,74
858,"Stanislav Galiev",WSH,RW,-144,2," "," "," "," ",1,0,1,2,0,0,0,3,0
859,"Josh Leivo",TOR,LW,-144,8," "," "," "," ",1,0,-1,6,0,0,0,5,0
860,"Andrew Agozzino",COL,LW,-144,1," "," "," "," ",0,1,1,1,0,0,0,1,0
861,"Viktor Arvidsson",NSH,LW,-144,6," "," "," "," ",0,0,0,9,0,0,0,3,0
862,"Ty Rattie",STL,RW,-144,6," "," "," "," ",0,1,-1,6,0,0,0,7,0
863,"Ryan Hartman",CHI,RW,-144,5," "," "," "," ",0,0,-1,8,0,0,0,11,0
864,"Kael Mouillierat",PIT,LW,-144,6," "," "," "," ",1,1,-3,1,0,0,0,8,16
865,"Christian Thomas",MTL,LW/RW,-144,7," "," "," "," ",0,0,-1,10,0,0,0,4,0
866,"Joey Hishon",COL,C,-145,12," "," "," "," ",1,1,-1,16,1,0,0,2,31
867,"David Wolf",CGY,LW,-145,3," "," "," "," ",0,0,0,1,0,0,0,6,1
868,"Justin Shugg",CAR,LW,-145,3," "," "," "," ",0,0,0,3,0,0,0,3,0
869,"Mike Angelidis",TBL,LW,-145,3," "," "," "," ",0,0,0,0,0,0,0,3,5
870,"Garrett Wilson",FLA,LW,-145,3," "," "," "," ",0,0,-2,5,0,0,0,8,0
871,"Matt Lindblad",NYR,LW,-145,2," "," "," "," ",0,0,0,2,0,0,0,1,1
872,"Bobby Robins",BOS,C/RW,-146,3," "," "," "," ",0,0,0,0,0,0,0,6,0
873,"Joe Whitney",NYI,RW,-146,3," "," "," "," ",1,0,-1,1,0,0,0,3,0
874,"Brandon Defazio",BOS,LW,-146,2," "," "," "," ",0,0,0,2,0,0,0,0,0
875,"Max Friberg",ANA,LW,-146,1," "," "," "," ",0,0,0,0,0,0,0,2,0
876,"Brendan Ranford",DAL,LW,-146,1," "," "," "," ",0,0,0,0,0,0,0,2,0
877,"Mike Blunden",TBL,RW,-146,6," "," "," "," ",0,0,-2,3,0,0,0,11,0
878,"Kyle Baun",CHI,RW,-146,2," "," "," "," ",0,0,-1,3,0,0,0,6,0
879,"Joel Armia",WPG,RW,-146,1," "," "," "," ",0,0,0,0,0,0,0,4,0
880,"Brendan Woods",CAR,LW,-146,2," "," "," "," ",0,0,-1,3,0,0,0,2,0
881,"Kevin Fiala",NSH,LW,-146,1," "," "," "," ",0,0,-1,3,0,0,0,0,0
882,"Stefan Noesen",ANA,RW,-147,1," "," "," "," ",0,0,0,0,0,0,0,0,0
883,"Tim Sestito",NJD,C,-147,14," "," "," "," ",0,2,0,10,0,0,0,21,27
884,"Andrew Miller",EDM,C,-147,9," "," "," "," ",1,5,-2,14,0,0,0,7,1
885,"Tomas Vincour",COL,C,-147,18," "," "," "," ",1,3,-2,11,0,0,0,22,0
886,"Chris Mueller",ANA,C,-148,16," "," "," "," ",1,2,-3,18,0,0,0,13,53
887,"Bryan Lerg",SJS,LW,-148,1," "," "," "," ",0,0,-2,0,0,0,0,1,0
888,"Borna Rendulic",COL,C,-148,11," "," "," "," ",1,1,1,6,0,0,0,22,0
889,"Mackenzie Skapski",NYR,G,-148,3,0.978,0.5,2,1," "," "," "," "," "," "," "," "," "
890,"Philip Varone",BUF,C,-149,19," "," "," "," ",2,2,-9,22,0,0,0,19,87
891,"Michael Santorelli",NSH,C,-149,17," "," "," "," ",1,1,-4,38,0,0,0,7,9
892,"Gabriel Dumont",MTL,C,-149,7," "," "," "," ",0,1,0,12,0,0,0,16,14
893,"Blair Jones",VAN,C,-149,15," "," "," "," ",1,0,-4,16,0,0,0,26,33
894,"Troy Grosenick",SJS,G,-150,3,0.948,1.5,1,1," "," "," "," "," "," "," "," "," "
895,"Paul Carey",WSH,C,-150,11," "," "," "," ",0,1,2,6,0,0,0,12,0
896,"Rocco Grimaldi",FLA,C,-150,7," "," "," "," ",1,0,0,18,0,0,0,7,6
897,"Brendan Shinnimin",ARI,C,-150,12," "," "," "," ",0,1,-1,10,0,0,0,12,42
898,"Alexandre Bolduc",ARI,C,-151,14," "," "," "," ",0,0,-4,16,0,0,0,30,9
899,"Travis Morin",DAL,C,-151,5," "," "," "," ",0,1,2,7,0,0,0,2,24
900,"Patrice Cormier",WPG,C,-151,9," "," "," "," ",0,1,0,4,0,0,0,16,10
901,"Freddie Hamilton",COL,C,-151,14," "," "," "," ",1,0,-4,12,0,0,0,24,19
902,"Chris Brown",WSH,C,-151,9," "," "," "," ",1,0,0,7,0,0,0,13,5
903,"Nick Cousins",PHI,C,-151,10," "," "," "," ",0,0,1,6,0,0,0,11,23
904,"Casey Bailey",TOR,C,-152,6," "," "," "," ",1,0,1,9,0,0,0,3,0
905,"Daniil Tarasov",SJS,C,-152,5," "," "," "," ",0,1,2,5,0,0,0,2,1
906,"Sean Collins",WSH,C,-152,8," "," "," "," ",0,1,0,4,0,0,0,12,1
907,"Luke Adam",NYR,C,-152,7," "," "," "," ",1,0,0,7,0,0,0,8,4
908,"Justin Hodgman",STL,C,-153,5," "," "," "," ",1,0,-2,3,0,1,0,8,25
909,"Andrew Copp",WPG,C,-153,1," "," "," "," ",0,1,2,4,0,0,0,0,6
910,"Micheal Haley",SJS,C,-153,10," "," "," "," ",0,0,-1,4,0,0,0,20,2
911,"Jonathan Marchessault",TBL,C,-153,2," "," "," "," ",1,0,1,2,0,0,0,3,1
912,"Corban Knight",FLA,C,-154,5," "," "," "," ",1,0,-1,3,0,0,0,7,17
913,"Sam Reinhart",BUF,C,-154,9," "," "," "," ",0,1,-1,3,0,0,0,3,21
914,"Max Reinhart",NSH,C,-155,6," "," "," "," ",0,1,-1,5,0,0,0,1,4
915,"Michael Sgarbossa",ANA,C,-155,7," "," "," "," ",0,1,-2,6,0,0,0,3,9
916,"Phillip Danault",CHI,C,-155,2," "," "," "," ",0,0,0,2,0,0,0,3,6
917,"Tom McCollum",DET,G,-155,2,0.96,0,1,0," "," "," "," "," "," "," "," "," "
918,"Greg Mckegg",FLA,C,-155,2," "," "," "," ",0,0,0,1,0,0,0,3,9
919,"Oscar Lindberg",NYR,C,-156,1," "," "," "," ",0,0,0,2,0,0,0,3,2
920,"Tyler Graovac",MIN,C,-156,3," "," "," "," ",0,0,0,4,0,0,0,0,6
921,"Colin Smith",COL,C,-156,1," "," "," "," ",0,0,0,1,0,0,0,1,4
922,"Sam Bennett",CGY,C,-156,1," "," "," "," ",0,1,-1,1,0,0,0,0,1
923,"Carter Hutton",NSH,G,-156,21,0.907,2.65,26,2," "," "," "," "," "," "," "," "," "
924,"Tyler Gaudet",ARI,C,-157,2," "," "," "," ",0,0,-1,1,0,0,0,2,9
925,"Scott Wilson",PIT,C,-157,1," "," "," "," ",0,0,0,0,0,0,0,0,0
926,"Henrik Samuelsson",ARI,C,-157,2," "," "," "," ",0,0,-2,3,0,0,0,5,2
927,"Bogdan Yakimov",EDM,C,-157,1," "," "," "," ",0,0,-1,1,0,0,0,2,3
928,"Ryan Craig",CBJ,C,-157,4," "," "," "," ",0,0,-2,3,0,0,0,5,0
929,"Dominik Uher",PIT,C,-157,2," "," "," "," ",0,0,-1,0,0,0,0,2,0
930,"Drew MacIntyre",CAR,G,-157,2,0.923,2,0,0," "," "," "," "," "," "," "," "," "
931,"Chris Driedger",OTT,G,-157,2,1,0,0,0," "," "," "," "," "," "," "," "," "
932,"Patrick Brown",CAR,C,-157,7," "," "," "," ",0,0,-4,4,0,0,0,11,0
933,"Ryan Bourque",NYR,C,-157,1," "," "," "," ",0,0,-1,1,0,0,0,0,0
934,"Brody Sutter",CAR,C,-158,4," "," "," "," ",0,0,-2,0,0,0,0,3,7
935,"Alex Khokhlachev",BOS,C,-158,3," "," "," "," ",0,0,-2,1,0,0,0,1,9
936,"Mike Smith",ARI,G,-158,56,0.91,2.73,20,3," "," "," "," "," "," "," "," "," "
937,"Calvin Pickard",COL,G,-161,9,0.932,2.69,6,2," "," "," "," "," "," "," "," "," "
938,"Ray Emery",PHI,G,-163,30,0.904,2.86,36,5," "," "," "," "," "," "," "," "," "
939,"Philipp Grubauer",WSH,G,-163,7,0.924,2.63,7,0," "," "," "," "," "," "," "," "," "
940,"Viktor Fasth",EDM,G,-169,25,0.904,2.73,26,4," "," "," "," "," "," "," "," "," "
941,"Robin Lehner",BUF,G,-176,26,0.915,3.02,25,1," "," "," "," "," "," "," "," "," "
942,"Ilya Bryzgalov",ANA,G,-177,32,0.9,2.78,32,5," "," "," "," "," "," "," "," "," "
943,"Niklas Backstrom",MIN,G,-178,33,0.901,2.76,34,3," "," "," "," "," "," "," "," "," "
944,"Dustin Tokarski",MTL,G,-182,11,0.915,2.83,8,1," "," "," "," "," "," "," "," "," "
945,"Curtis McElhinney",CBJ,G,-184,31,0.912,2.98,22,2," "," "," "," "," "," "," "," "," "
946,"Michal Neuvirth",PHI,G,-185,23,0.915,2.91,15,0," "," "," "," "," "," "," "," "," "
947,"Jeff Zatkoff",PIT,G,-191,8,0.913,2.89,12,1," "," "," "," "," "," "," "," "," "
948,"Jonas Gustavsson",DET,G,-196,15,0.904,2.78,21,2," "," "," "," "," "," "," "," "," "
949,"Joni Ortio",CGY,G,-208,9,0.899,2.33,8,1," "," "," "," "," "," "," "," "," "
950,"Al Montoya",FLA,G,-216,20,0.908,3.13,22,3," "," "," "," "," "," "," "," "," "
951,"Keith Kinkaid",NJD,G,-218,8,0.918,3.08,6,1," "," "," "," "," "," "," "," "," "
952,"Ben Scrivens",EDM,G,-223,42,0.906,2.95,13,2," "," "," "," "," "," "," "," "," "
953,"Andrey Makarov",BUF,G,-224,2,0.917,3,0,0," "," "," "," "," "," "," "," "," "
954,"Jhonas Enroth",LAK,G,-242,32,0.908,3.07,9,1," "," "," "," "," "," "," "," "," "
955,"Marek Mazanec",NSH,G,-251,15,0.902,2.96,8,2," "," "," "," "," "," "," "," "," "
956,"Louis Domingue",ARI,G,-263,6,0.913,3.25,1,0," "," "," "," "," "," "," "," "," "
957,"Anders Lindback",ARI,G,-267,28,0.901,3.26,24,2," "," "," "," "," "," "," "," "," "
958,"Justin Peters",WSH,G,-267,20,0.901,3.13,14,2," "," "," "," "," "," "," "," "," "
959,"Reto Berra",COL,G,-280,25,0.898,3.03,13,0," "," "," "," "," "," "," "," "," "
960,"Sami Aittokallio",COL,G,-297,2,0.884,2.5,0,0," "," "," "," "," "," "," "," "," "
961,"Joey MacDonald",MTL,G,-298,14,0.899,3.09,5,0," "," "," "," "," "," "," "," "," "
962,"Dan Ellis",WSH,G,-304,19,0.897,3.33,15,3," "," "," "," "," "," "," "," "," "
963,"Rob Zepp",PHI,G,-307,11,0.888,2.78,5,0," "," "," "," "," "," "," "," "," "
964,"Jason LaBarbera",PHI,G,-331,12,0.91,3.75,7,0," "," "," "," "," "," "," "," "," "
965,"Jacob Markstrom",VAN,G,-336,17,0.891,3.19,11,0," "," "," "," "," "," "," "," "," "
966,"Nathan Lieuwen",BUF,G,-340,4,0.906,3.6,1,0," "," "," "," "," "," "," "," "," "
967,"Kevin Poulin",NYI,G,-356,13,0.892,3.39,12,0," "," "," "," "," "," "," "," "," "
968,"Richard Bachman",VAN,G,-360,10,0.898,3.67,9,2," "," "," "," "," "," "," "," "," "
969,"Matt Hackett",ANA,G,-371,6,0.895,3.46,1,0," "," "," "," "," "," "," "," "," "
970,"Mike McKenna",FLA,G,-455,4,0.892,4,1,0," "," "," "," "," "," "," "," "," "
971,"Scott Clemmensen",NJD,G,-491,16,0.884,4.15,9,1," "," "," "," "," "," "," "," "," "
972,"John Curry",MIN,G,-530,3,0.89,4.5,1,0," "," "," "," "," "," "," "," "," "
973,"Anton Forsberg",CBJ,G,-574,6,0.866,4,0,0," "," "," "," "," "," "," "," "," "
974,"Joacim Eriksson",VAN,G,-646,2,0.806,0,0,0," "," "," "," "," "," "," "," "," "
975,"Tyler Bunz",EDM,G,-898,2,0.75,0,0,0," "," "," "," "," "," "," "," "," "
976,"Jussi Rynnas",DAL,G,-993,3,0.86,7,0,0," "," "," "," "," "," "," "," "," "
977,"Malcolm Subban",BOS,G,"-2,090",2,0.5,3,0,0," "," "," "," "," "," "," "," "," "
978,"Sam Brittain",FLA,G,"-4,273",1,0,0,0,0," "," "," "," "," "," "," "," "," "
979,"Ryan Lowe",SJS,G,"-4,273",1,0,0,0,0," "," "," "," "," "," "," "," "," "
980,"Robb Tallas",FLA,G,"-4,273",1,0,0,0,0," "," "," "," "," "," "," "," "," "
981,"Pheonix Copley",STL,G,"-4,273",1,0,0,0,0," "," "," "," "," "," "," "," "," "
982,"Oscar Dansk",CBJ,G,"-4,273",1,0,0,0,0," "," "," "," "," "," "," "," "," "
983,"Michael Lee",ARI,G,"-4,273",1,0,0,0,0," "," "," "," "," "," "," "," "," "
984,"Jordan Binnington",STL,G,"-4,273",1,0,0,0,0," "," "," "," "," "," "," "," "," "
985,"Jeremy Smith",BOS,G,"-4,273",1,0,0,0,0," "," "," "," "," "," "," "," "," "
986,"Jean-francois Berube",LAK,G,"-4,273",1,0,0,0,0," "," "," "," "," "," "," "," "," "
987,"Igor Bobkov",ANA,G,"-4,273",1,0,0,0,0," "," "," "," "," "," "," "," "," "
988,"Connor Hellebuyck",WPG,G,"-4,273",1,0,0,0,0," "," "," "," "," "," "," "," "," "
989,"Christopher Gibson",NYI,G,"-4,273",1,0,0,0,0," "," "," "," "," "," "," "," "," "
990,"Brad Thiessen",CGY,G,"-4,273",1,0,0,0,0," "," "," "," "," "," "," "," "," "
991,"Antoine Bibeau",TOR,G,"-4,273",1,0,0,0,0," "," "," "," "," "," "," "," "," "
992,"Anthony Stolarz",PHI,G,"-4,273",1,0,0,0,0," "," "," "," "," "," "," "," "," "
