Rank,Player,Team,Position,"FHG Value","Games Played",SO,SV%,GAA,W,G,A,+/-,SOG,GWG,PPP,SHP,HITS,FOW
1,"Carey Price",MTL,G,223,66,9,0.933,1.99,44," "," "," "," "," "," "," "," "," "
2,"Alex Ovechkin",WSH,LW,165,81," "," "," "," ",53,28,10,395,11,34,0,259,2
3,"Braden Holtby",WSH,G,152,73,9,0.923,2.25,41," "," "," "," "," "," "," "," "," "
4,"Devan Dubnyk",MIN,G,138,59,6,0.929,2.07,36," "," "," "," "," "," "," "," "," "
5,"Jamie Benn",DAL,LW,131,82," "," "," "," ",35,52,1,253,6,23,5,120,298
6,"Max Pacioretty",MTL,LW,129,80," "," "," "," ",37,30,38,302,10,11,5,106,2
7,"Blake Wheeler",WPG,RW,119,79," "," "," "," ",26,35,26,244,6,12,5,128,22
8,"Erik Karlsson",OTT,D,112,82," "," "," "," ",21,45,7,292,3,30,0,93,0
9,"Marc-Andre Fleury",PIT,G,112,64,10,0.92,2.36,34," "," "," "," "," "," "," "," "," "
10,"John Tavares",NYI,C,110,82," "," "," "," ",38,48,5,278,8,31,1,48,753
11,"Rick Nash",NYR,LW,105,79," "," "," "," ",42,27,29,304,8,12,5,45,2
12,"Andrew Hammond",OTT,G,105,25,3,0.941,1.79,20," "," "," "," "," "," "," "," "," "
13,"Pekka Rinne",NSH,G,105,64,4,0.923,2.22,41," "," "," "," "," "," "," "," "," "
14,"Claude Giroux",PHI,C,97,81," "," "," "," ",25,48,-3,279,4,37,0,110,1063
15,"Jonathan Toews",CHI,C,91,81," "," "," "," ",28,38,30,192,7,17,3,56,947
16,"P.K. Subban",MTL,D,90,82," "," "," "," ",15,45,21,170,5,21,0,97,0
17,"Roman Josi",NSH,D,89,81," "," "," "," ",15,40,15,201,4,15,3,53,0
18,"Oliver Ekman-Larsson",ARI,D,85,82," "," "," "," ",23,20,-18,264,7,20,1,167,0
19,"Kris Letang",PIT,D,85,69," "," "," "," ",11,43,12,197,1,24,1,131,0
20,"Jonathan Quick",LAK,G,83,72,6,0.918,2.26,36," "," "," "," "," "," "," "," "," "
21,"Vladimir Tarasenko",STL,RW,83,77," "," "," "," ",37,36,27,264,6,18,0,32,0
22,"Jakub Voracek",PHI,RW,83,82," "," "," "," ",22,59,1,221,3,33,0,55,6
23,"Brent Burns",SJS,D,83,82," "," "," "," ",17,43,-9,245,2,24,0,148,0
24,"Justin Faulk",CAR,D,82,82," "," "," "," ",15,34,-19,238,4,20,2,157,0
25,"Dustin Byfuglien",WPG,D,81,69," "," "," "," ",18,27,5,209,3,17,1,203,0
26,"Shea Weber",NSH,D,80,78," "," "," "," ",15,30,15,237,2,15,1,166,0
27,"Joe Pavelski",SJS,C,77,82," "," "," "," ",37,33,12,261,5,31,0,97,642
28,"Sidney Crosby",PIT,C,77,77," "," "," "," ",28,56,5,237,3,31,0,66,797
29,"Radim Vrbata",VAN,RW,72,79," "," "," "," ",31,32,6,267,7,23,0,44,5
30,"Andrew Ladd",WPG,LW,71,81," "," "," "," ",24,38,9,224,6,19,1,212,7
31,"Nick Foligno",CBJ,LW,71,79," "," "," "," ",31,42,16,182,3,26,0,193,125
32,"Drew Doughty",LAK,D,71,82," "," "," "," ",7,39,3,219,2,17,1,152,0
33,"John Carlson",WSH,D,69,82," "," "," "," ",12,43,11,193,3,16,1,74,0
34,"Tomas Plekanec",MTL,C,68,82," "," "," "," ",26,34,8,248,5,16,4,47,777
35,"Nicklas Backstrom",WSH,C,67,82," "," "," "," ",18,60,5,153,3,33,0,91,862
36,"Ben Bishop",TBL,G,64,62,4,0.916,2.36,40," "," "," "," "," "," "," "," "," "
37,"Ryan Getzlaf",ANA,C,63,77," "," "," "," ",25,45,15,191,6,13,2,100,632
38,"Andrei Markov",MTL,D,63,81," "," "," "," ",10,40,22,135,1,25,1,53,0
39,"Sean Monahan",CGY,C,63,81," "," "," "," ",31,31,8,191,8,19,2,39,902
40,"Dennis Wideman",CGY,D,61,80," "," "," "," ",15,41,6,173,2,21,0,94,0
41,"Steven Stamkos",TBL,C,60,82," "," "," "," ",43,29,2,268,6,25,0,91,469
42,"Tuukka Rask",BOS,G,60,70,4,0.922,2.34,34," "," "," "," "," "," "," "," "," "
43,"Tyler Johnson",TBL,C,59,77," "," "," "," ",29,43,33,203,6,17,0,64,537
44,"Johnny Boychuk",NYI,D,58,72," "," "," "," ",9,26,15,192,1,15,1,171,2
45,"Jaroslav Halak",NYI,G,58,59,6,0.914,2.48,38," "," "," "," "," "," "," "," "," "
46,"Troy Brouwer",STL,RW,57,82," "," "," "," ",21,22,11,145,3,14,2,206,251
47,"Jake Muzzin",LAK,D,57,76," "," "," "," ",10,31,-4,173,3,14,1,186,0
48,"Marian Hossa",CHI,RW,57,82," "," "," "," ",22,39,17,247,2,17,1,62,4
49,"Tyler Seguin",DAL,C,57,71," "," "," "," ",37,40,-1,280,5,29,0,63,275
50,"Logan Couture",SJS,C,56,82," "," "," "," ",27,40,-6,263,4,24,2,85,477
51,"Wayne Simmonds",PHI,RW,55,75," "," "," "," ",28,22,-5,188,6,24,0,168,4
52,"Mark Stone",OTT,RW,55,80," "," "," "," ",26,38,21,157,6,13,1,49,7
53,"Nikita Kucherov",TBL,RW,55,82," "," "," "," ",29,36,38,191,2,15,0,65,0
54,"Ryan Callahan",TBL,RW,54,77," "," "," "," ",24,30,9,191,4,16,0,184,15
55,"Ryan McDonagh",NYR,D,52,71," "," "," "," ",8,25,23,148,2,12,3,77,0
56,"Ondrej Palat",TBL,LW,50,75," "," "," "," ",16,47,31,139,5,11,2,124,10
57,"Keith Yandle",NYR,D,49,84," "," "," "," ",6,46,-26,232,2,29,0,53,0
58,"Cory Schneider",NJD,G,49,69,5,0.925,2.3,26," "," "," "," "," "," "," "," "," "
59,"Ryan Johansen",CBJ,C,49,82," "," "," "," ",26,45,-6,202,0,26,2,84,851
60,"Henrik Zetterberg",DET,LW,48,77," "," "," "," ",17,49,-6,227,3,28,0,55,541
61,"Patrice Bergeron",BOS,C,48,81," "," "," "," ",23,32,2,234,4,14,2,57,1175
62,"Patrick Kane",CHI,RW,47,61," "," "," "," ",27,37,10,186,5,22,0,22,3
63,"Henrik Lundqvist",NYR,G,47,46,4,0.922,2.3,30," "," "," "," "," "," "," "," "," "
64,"Mark Giordano",CGY,D,46,61," "," "," "," ",11,37,13,157,2,14,1,59,0
65,"Jeff Carter",LAK,C,46,82," "," "," "," ",28,34,7,218,5,15,2,76,627
66,"Daniel Sedin",VAN,LW,46,82," "," "," "," ",20,56,5,226,5,25,0,21,2
67,"Mike Green",DET,D,45,72," "," "," "," ",10,35,15,159,2,17,0,82,0
68,"Ryan Kesler",ANA,C,45,81," "," "," "," ",20,27,-5,205,4,11,3,169,937
69,"Aaron Ekblad",FLA,D,45,81," "," "," "," ",12,27,12,170,4,13,0,109,0
70,"Bobby Ryan",OTT,RW,44,78," "," "," "," ",18,36,5,221,5,14,0,110,4
71,"Kevin Shattenkirk",STL,D,43,56," "," "," "," ",8,36,19,135,1,25,0,42,0
72,"Kyle Turris",OTT,C,43,82," "," "," "," ",24,40,5,215,6,16,1,48,737
73,"TJ Brodie",CGY,D,42,81," "," "," "," ",11,30,15,133,3,9,3,27,0
74,"Mark Streit",PHI,D,41,81," "," "," "," ",9,43,-8,144,0,30,0,63,0
75,"Derek Stepan",NYR,C,41,68," "," "," "," ",16,39,26,155,3,10,5,36,543
76,"Alexander Steen",STL,LW,41,74," "," "," "," ",24,40,8,223,5,24,0,32,218
77,"Corey Crawford",CHI,G,40,57,2,0.924,2.31,32," "," "," "," "," "," "," "," "," "
78,"Cam Talbot",EDM,G,40,37,5,0.926,2.21,21," "," "," "," "," "," "," "," "," "
79,"David Backes",STL,C,40,80," "," "," "," ",26,32,7,183,3,16,0,227,617
80,"Duncan Keith",CHI,D,39,80," "," "," "," ",10,35,12,171,2,16,1,16,0
81,"Patric Hornqvist",PIT,RW,38,64," "," "," "," ",25,26,12,220,4,15,0,87,2
82,"Jason Pominville",MIN,RW,37,82," "," "," "," ",18,36,9,252,4,14,0,44,39
83,"T.J. Oshie",WSH,RW,36,72," "," "," "," ",19,36,17,162,4,13,0,99,3
84,"Brendan Gallagher",MTL,RW,35,82," "," "," "," ",24,23,18,254,6,8,0,48,43
85,"Pavel Datsyuk",DET,C,35,63," "," "," "," ",26,39,12,165,5,24,0,51,601
86,"Brent Seabrook",CHI,D,35,82," "," "," "," ",8,23,-3,181,2,15,1,135,0
87,"Dougie Hamilton",CGY,D,35,72," "," "," "," ",10,32,-3,188,2,15,0,106,0
88,"Zach Parise",MIN,LW,35,74," "," "," "," ",33,29,21,259,3,16,0,86,2
89,"Jaden Schwartz",STL,LW,35,75," "," "," "," ",28,35,13,184,4,16,2,54,68
90,"Filip Forsberg",NSH,C,34,82," "," "," "," ",26,37,15,237,6,19,0,108,3
91,"Tyson Barrie",COL,D,33,80," "," "," "," ",12,41,5,139,0,16,0,80,0
92,"Jack Johnson",CBJ,D,32,79," "," "," "," ",8,32,-13,141,1,21,0,157,0
93,"Tyler Toffoli",LAK,C,32,76," "," "," "," ",23,26,25,200,3,5,6,86,4
94,"Tomas Tatar",DET,LW,31,82," "," "," "," ",29,27,6,211,7,19,0,90,6
95,"Anze Kopitar",LAK,C,31,79," "," "," "," ",16,48,-2,134,4,24,0,105,752
96,"Anton Stralman",TBL,D,31,82," "," "," "," ",9,30,22,138,0,14,0,104,0
97,"Alex Pietrangelo",STL,D,31,81," "," "," "," ",7,39,-2,195,2,12,0,70,0
98,"Torey Krug",BOS,D,30,78," "," "," "," ",12,27,13,205,0,14,0,75,0
99,"David Savard",CBJ,D,30,82," "," "," "," ",11,25,0,112,3,10,0,195,1
100,"Travis Hamonic",NYI,D,30,71," "," "," "," ",5,28,15,132,0,8,0,213,0
101,"Jiri Hudler",CGY,LW,28,78," "," "," "," ",31,45,17,158,5,16,0,27,21
102,"Michael Frolik",CGY,RW,28,82," "," "," "," ",19,23,4,206,4,7,3,63,14
103,"Alexander Edler",VAN,D,28,74," "," "," "," ",8,23,13,175,2,14,0,94,0
104,"Phil Kessel",PIT,RW,28,82," "," "," "," ",25,36,-34,280,4,25,0,18,2
105,"Cal Clutterbuck",NYI,RW,27,76," "," "," "," ",7,9,1,124,4,1,3,343,6
106,"Niklas Kronwall",DET,D,26,80," "," "," "," ",9,35,-4,101,1,23,0,91,1
107,"Nick Leddy",NYI,D,26,78," "," "," "," ",10,27,18,120,1,12,1,73,0
108,"Michael Del Zotto",PHI,D,24,64," "," "," "," ",10,22,-5,119,4,8,1,153,0
109,"Frederik Andersen",ANA,G,24,55,3,0.914,2.38,35," "," "," "," "," "," "," "," "," "
110,"Jarome Iginla",COL,RW,24,82," "," "," "," ",29,30,0,189,2,13,0,99,57
111,"Sami Vatanen",ANA,D,24,67," "," "," "," ",12,25,5,122,1,17,1,75,1
112,"Derick Brassard",NYR,C,24,80," "," "," "," ",19,41,9,168,3,18,0,106,671
113,"Ryan Suter",MIN,D,23,77," "," "," "," ",2,36,7,150,1,11,1,69,0
114,"Chris Kunitz",PIT,LW,23,74," "," "," "," ",17,23,2,170,5,16,1,211,7
115,"Cody Franson",BUF,D,22,78," "," "," "," ",7,29,-7,127,0,17,0,177,0
116,"Evgeni Malkin",PIT,C,22,69," "," "," "," ",28,42,-2,212,4,26,0,24,322
117,"Dion Phaneuf",TOR,D,21,70," "," "," "," ",3,26,-11,138,1,15,1,166,0
118,"Gabriel Landeskog",COL,LW,21,82," "," "," "," ",23,36,-2,214,2,17,0,169,16
119,"Cam Atkinson",CBJ,RW,21,78," "," "," "," ",22,18,-2,212,7,10,1,55,4
120,"Jordan Eberle",EDM,RW,20,81," "," "," "," ",24,39,-16,183,2,21,0,62,1
121,"Scott Hartnell",CBJ,LW,19,77," "," "," "," ",28,32,1,204,2,16,0,160,7
122,"Mats Zuccarello",NYR,RW,18,78," "," "," "," ",15,34,17,154,3,6,0,120,16
123,"Chris Kreider",NYR,LW,17,80," "," "," "," ",21,25,24,180,5,8,0,162,9
124,"Jason Garrison",TBL,D,17,70," "," "," "," ",4,26,27,111,3,11,0,46,0
125,"Matt Niskanen",WSH,D,17,82," "," "," "," ",4,27,7,117,0,10,1,143,0
126,"Semyon Varlamov",COL,G,16,57,5,0.921,2.59,28," "," "," "," "," "," "," "," "," "
127,"Roberto Luongo",FLA,G,16,61,3,0.921,2.39,28," "," "," "," "," "," "," "," "," "
128,"Nino Niederreiter",MIN,RW,16,80," "," "," "," ",24,13,2,149,5,8,1,155,2
129,"Dan Girardi",NYR,D,16,82," "," "," "," ",4,16,12,111,1,3,1,224,0
130,"Corey Perry",ANA,RW,16,67," "," "," "," ",33,22,13,193,3,7,0,64,3
131,"Alex Goligoski",DAL,D,16,81," "," "," "," ",4,32,0,122,0,8,2,100,0
132,"Milan Lucic",LAK,LW,15,81," "," "," "," ",18,26,13,141,4,8,0,259,34
133,"Frans Nielsen",NYI,C,15,78," "," "," "," ",14,29,8,157,4,18,3,48,506
134,"Antti Raanta",NYR,G,13,15,2,0.936,1.89,7," "," "," "," "," "," "," "," "," "
135,"Johnny Gaudreau",CGY,LW,13,80," "," "," "," ",24,40,11,167,4,21,0,14,3
136,"James Wisniewski",CAR,D,13,69," "," "," "," ",8,26,-13,147,2,15,0,115,0
137,"Henrik Sedin",VAN,C,12,82," "," "," "," ",18,55,11,101,0,25,0,25,704
138,"Marek Zidlicky",DET,D,12,84," "," "," "," ",7,27,-9,130,1,20,0,95,0
139,"John Klingberg",DAL,D,12,65," "," "," "," ",11,29,5,98,3,12,0,54,0
140,"Victor Hedman",TBL,D,12,59," "," "," "," ",10,28,12,115,2,11,0,51,0
141,"Kyle Okposo",NYI,RW,12,60," "," "," "," ",18,33,-8,195,2,18,0,53,80
142,"Brian Elliott",STL,G,11,46,4,0.917,2.32,26," "," "," "," "," "," "," "," "," "
143,"Bryan Little",WPG,C,11,70," "," "," "," ",24,28,8,148,3,18,1,56,762
144,"Kris Russell",CGY,D,10,79," "," "," "," ",4,30,18,111,0,14,0,61,0
145,"Cam Fowler",ANA,D,9,80," "," "," "," ",7,27,4,87,2,9,2,47,0
146,"Ryan Miller",VAN,G,9,45,7,0.911,2.59,29," "," "," "," "," "," "," "," "," "
147,"Jason Spezza",DAL,C,8,82," "," "," "," ",17,45,-7,204,1,26,0,16,682
148,"Zdeno Chara",BOS,D,8,63," "," "," "," ",8,12,0,138,0,5,3,125,1
149,"Brayden Schenn",PHI,C,8,82," "," "," "," ",18,29,-5,156,6,19,0,199,86
150,"Simon Despres",ANA,D,8,75," "," "," "," ",3,20,11,103,1,1,0,233,0
151,"Marian Gaborik",LAK,RW,7,69," "," "," "," ",27,20,7,174,2,18,0,39,1
152,"Brandon Sutter",VAN,C,7,80," "," "," "," ",21,12,6,180,4,5,4,86,688
153,"Scott Darling",CHI,G,6,15,1,0.936,1.95,9," "," "," "," "," "," "," "," "," "
154,"Jonas Hiller",CGY,G,6,52,4,0.918,2.41,26," "," "," "," "," "," "," "," "," "
155,"Mikko Koivu",MIN,C,6,80," "," "," "," ",14,34,2,179,4,15,0,40,989
156,"Kevin Klein",NYR,D,6,65," "," "," "," ",9,17,24,76,4,0,0,126,0
157,"Trevor Daley",CHI,D,6,68," "," "," "," ",16,22,-13,113,2,12,2,29,0
158,"Marco Scandella",MIN,D,5,64," "," "," "," ",11,12,8,112,4,5,1,90,0
159,"Hampus Lindholm",ANA,D,5,78," "," "," "," ",7,27,25,107,1,6,0,59,0
160,"Patrick Marleau",SJS,C,4,82," "," "," "," ",19,38,-17,233,4,24,0,85,171
161,"James van Riemsdyk",TOR,LW,4,82," "," "," "," ",27,29,-33,248,4,19,1,83,21
162,"Mike Cammalleri",NJD,LW,3,68," "," "," "," ",27,15,2,156,8,11,2,30,119
163,"Ondrej Pavelec",WPG,G,3,50,4,0.92,2.33,22," "," "," "," "," "," "," "," "," "
164,"Brandon Saad",CBJ,LW,3,82," "," "," "," ",23,29,7,203,6,10,0,53,38
165,"Eric Fehr",PIT,RW,3,75," "," "," "," ",19,14,8,142,4,1,1,84,449
166,"Antti Niemi",DAL,G,2,61,5,0.914,2.64,31," "," "," "," "," "," "," "," "," "
167,"Justin Abdelkader",DET,LW,1,71," "," "," "," ",23,21,3,154,5,14,0,153,7
168,"Jaromir Jagr",FLA,RW,1,77," "," "," "," ",17,30,-3,169,5,11,0,30,1
169,"Brooks Orpik",WSH,D,0,78," "," "," "," ",0,19,5,66,0,0,0,306,0
170,"Ryan Nugent-Hopkins",EDM,C,-0,76," "," "," "," ",24,32,-12,189,2,14,1,92,620
171,"Brad Boyes",FLA,RW,-0,78," "," "," "," ",14,24,11,151,4,9,0,60,97
172,"Jimmy Hayes",BOS,RW,-1,72," "," "," "," ",19,16,-4,166,3,11,0,147,4
173,"Francois Beauchemin",COL,D,-1,64," "," "," "," ",11,12,17,110,1,3,1,105,1
174,"Brayden McNabb",LAK,D,-1,71," "," "," "," ",2,22,11,74,1,5,0,175,1
175,"Kevin Hayes",NYR,RW,-2,79," "," "," "," ",17,28,15,111,1,5,1,57,247
176,"Tyler Bozak",TOR,C,-2,82," "," "," "," ",23,26,-34,154,3,18,2,83,944
177,"Seth Jones",NSH,D,-2,82," "," "," "," ",8,19,3,123,0,11,1,72,0
178,"Martin St. Louis",NYR,RW,-3,74," "," "," "," ",21,31,12,144,1,13,0,13,51
179,"Paul Stastny",STL,C,-3,74," "," "," "," ",16,30,5,143,7,15,0,22,671
180,"Brad Marchand",BOS,LW,-3,77," "," "," "," ",24,18,5,180,5,2,3,72,13
181,"Adam Larsson",NJD,D,-3,64," "," "," "," ",3,21,2,91,1,0,3,92,0
182,"Eric Staal",CAR,C,-3,77," "," "," "," ",23,31,-13,244,4,17,0,65,343
183,"Dustin Brown",LAK,RW,-4,82," "," "," "," ",11,16,-17,189,3,6,0,242,15
184,"Ryan O'Reilly",BUF,C,-4,82," "," "," "," ",17,38,-5,171,1,12,2,38,713
185,"Cody Eakin",DAL,C,-4,78," "," "," "," ",19,21,-1,142,6,4,3,62,656
186,"Erik Johnson",COL,D,-5,47," "," "," "," ",12,11,2,115,2,6,1,93,0
187,"Dan Boyle",NYR,D,-6,65," "," "," "," ",9,11,18,116,3,8,0,49,0
188,"Matt Duchene",COL,C,-6,82," "," "," "," ",21,34,3,207,4,7,0,43,635
189,"Mark Scheifele",WPG,C,-6,82," "," "," "," ",15,34,11,170,2,13,0,100,492
190,"Lance Bouma",CGY,LW,-7,78," "," "," "," ",16,18,10,104,4,1,1,264,29
191,"Marc Staal",NYR,D,-7,80," "," "," "," ",5,15,18,97,0,0,2,99,1
192,"Justin Williams",WSH,RW,-7,81," "," "," "," ",18,23,8,174,2,13,0,29,3
193,"Ryan Strome",NYI,C,-7,81," "," "," "," ",17,33,23,179,2,8,1,92,149
194,"Matt Beleskey",BOS,LW,-8,65," "," "," "," ",22,10,13,145,8,4,0,159,8
195,"Tyler Myers",WPG,D,-8,71," "," "," "," ",7,21,-6,124,0,6,2,65,0
196,"Danny Dekeyser",DET,D,-8,80," "," "," "," ",2,29,11,89,1,6,0,74,0
197,"Mike Ribeiro",NSH,C,-9,82," "," "," "," ",15,47,11,96,3,12,0,42,582
198,"Nick Bjugstad",FLA,C,-10,72," "," "," "," ",24,19,-7,207,3,12,0,148,486
199,"Joe Thornton",SJS,C,-10,78," "," "," "," ",16,49,-4,131,0,22,0,39,554
200,"Daniel Winnik",TOR,RW,-10,79," "," "," "," ",9,25,23,97,1,0,1,124,107
201,"Jakob Silfverberg",ANA,LW,-11,81," "," "," "," ",13,26,15,189,2,4,3,42,23
202,"Anders Lee",NYI,C,-12,76," "," "," "," ",25,16,9,197,6,6,0,169,1
203,"Brock Nelson",NYI,C,-13,82," "," "," "," ",20,22,6,190,3,15,0,99,354
204,"Jason Demers",DAL,D,-13,81," "," "," "," ",5,20,-3,99,2,5,0,118,0
205,"Drew Stafford",WPG,RW,-14,76," "," "," "," ",18,25,-12,147,1,9,1,81,86
206,"David Desharnais",MTL,C,-14,82," "," "," "," ",14,34,22,90,4,11,0,43,629
207,"Alex Tanguay",COL,LW,-14,80," "," "," "," ",22,33,-1,104,4,14,1,45,12
208,"Brian Campbell",FLA,D,-14,82," "," "," "," ",3,24,4,118,0,12,0,44,0
209,"Mark Stuart",WPG,D,-14,70," "," "," "," ",2,12,5,51,1,0,2,166,0
210,"Jake Allen",STL,G,-15,38,4,0.913,2.28,22," "," "," "," "," "," "," "," "," "
211,"James Neal",NSH,LW,-15,67," "," "," "," ",23,14,12,222,6,4,0,71,7
212,"Kevin Connauton",CBJ,D,-15,62," "," "," "," ",9,12,5,96,4,3,0,83,0
213,"Derek Dorsett",VAN,RW,-15,79," "," "," "," ",7,18,4,89,3,0,2,166,7
214,"Steve Mason",PHI,G,-15,51,1,0.928,2.29,18," "," "," "," "," "," "," "," "," "
215,"Robyn Regehr",LAK,D,-15,67," "," "," "," ",3,10,10,63,0,0,1,203,0
216,"Mika Zibanejad",OTT,C,-15,80," "," "," "," ",20,26,0,150,0,14,0,149,615
217,"Zach Bogosian",BUF,D,-16,62," "," "," "," ",3,17,-6,125,0,2,0,189,0
218,"Jared Spurgeon",MIN,D,-16,67," "," "," "," ",9,16,3,128,2,6,0,48,0
219,"Morgan Rielly",TOR,D,-16,81," "," "," "," ",8,21,-16,148,0,9,0,98,0
220,"Dmitry Kulikov",FLA,D,-17,73," "," "," "," ",3,19,0,83,0,6,1,114,0
221,"Jannik Hansen",VAN,RW,-17,81," "," "," "," ",16,17,-6,145,2,0,3,80,1
222,"Reilly Smith",FLA,RW,-17,81," "," "," "," ",13,27,7,143,0,11,0,74,2
223,"Tyler Ennis",BUF,LW,-17,78," "," "," "," ",20,26,-19,185,2,17,1,87,67
224,"Marc-Edouard Vlasic",SJS,D,-17,70," "," "," "," ",9,14,12,98,3,3,0,51,0
225,"Gustav Nyquist",DET,C,-17,82," "," "," "," ",27,27,-11,195,4,24,0,43,1
226,"Jori Lehtera",STL,C,-18,75," "," "," "," ",14,30,21,103,2,7,2,43,543
227,"Alec Martinez",LAK,D,-18,56," "," "," "," ",6,16,9,103,1,4,0,95,0
228,"Craig Smith",NSH,C,-18,82," "," "," "," ",23,21,11,251,4,9,0,77,12
229,"Loui Eriksson",BOS,LW,-18,81," "," "," "," ",22,25,1,169,4,11,1,29,4
230,"Erik Gudbranson",FLA,D,-18,76," "," "," "," ",4,9,-4,110,0,4,0,212,0
231,"Ben Lovejoy",PIT,D,-18,60," "," "," "," ",2,12,-4,86,0,0,2,170,0
232,"Eric Gelinas",NJD,D,-18,61," "," "," "," ",6,13,-2,112,2,9,0,82,0
233,"Jacob Trouba",WPG,D,-18,65," "," "," "," ",7,15,2,133,0,6,0,97,0
234,"Joel Ward",SJS,RW,-19,82," "," "," "," ",19,15,-4,138,4,11,0,53,60
235,"Adam Lowry",WPG,LW,-19,80," "," "," "," ",11,12,1,104,2,3,1,256,402
236,"Patrick Sharp",DAL,LW,-19,68," "," "," "," ",16,27,-8,230,2,14,0,74,53
237,"Mike Hoffman",OTT,LW,-19,79," "," "," "," ",27,21,16,199,4,3,0,40,7
238,"Shane Doan",ARI,RW,-20,79," "," "," "," ",14,22,-29,189,0,10,0,189,3
239,"Carl Hagelin",ANA,LW,-20,82," "," "," "," ",17,18,18,185,4,1,1,85,6
240,"Devante Smith-Pelly",MTL,RW,-20,74," "," "," "," ",6,14,-1,104,1,1,2,205,23
241,"Yannick Weber",VAN,D,-20,65," "," "," "," ",11,10,4,117,1,8,0,66,0
242,"Kyle Palmieri",NJD,RW,-21,57," "," "," "," ",14,15,-2,112,4,11,0,97,6
243,"Tommy Wingels",SJS,C,-21,75," "," "," "," ",15,21,-7,158,1,10,1,263,70
244,"Justin Schultz",EDM,D,-21,81," "," "," "," ",6,25,-17,122,1,12,0,41,1
245,"Michael Stone",ARI,D,-21,81," "," "," "," ",3,15,-24,144,0,5,0,202,1
246,"Thomas Hickey",NYI,D,-21,81," "," "," "," ",2,20,-12,82,1,0,2,117,1
247,"Matt Read",PHI,RW,-21,80," "," "," "," ",8,22,-4,142,2,5,1,108,11
248,"Ryan Ellis",NSH,D,-22,58," "," "," "," ",9,18,8,118,0,6,0,41,0
249,"Dennis Seidenberg",BOS,D,-22,82," "," "," "," ",3,11,-1,103,0,0,0,212,0
250,"Brian Gionta",BUF,RW,-22,69," "," "," "," ",13,22,-13,153,2,9,1,61,69
251,"Mark Borowiecki",OTT,D,-22,63," "," "," "," ",1,10,15,30,0,0,0,233,0
252,"Jonas Brodin",MIN,D,-22,71," "," "," "," ",3,14,21,95,1,2,1,31,0
253,"Brian Boyle",TBL,C,-23,82," "," "," "," ",15,9,3,140,5,0,3,136,460
254,"Jeff Petry",MTL,D,-23,78," "," "," "," ",7,15,-28,126,1,4,1,145,0
255,"Kyle Quincey",DET,D,-24,73," "," "," "," ",3,15,10,90,0,0,1,104,0
256,"Steve Bernier",NYI,RW,-24,67," "," "," "," ",16,16,2,107,2,8,0,123,1
257,"Thomas Vanek",MIN,LW,-24,80," "," "," "," ",21,31,-6,171,2,17,0,32,10
258,"Fedor Tyutin",CBJ,D,-24,67," "," "," "," ",3,12,8,56,0,1,2,106,0
259,"Nick Holden",COL,D,-24,78," "," "," "," ",5,9,-11,94,2,6,0,156,0
260,"Christian Ehrhoff",LAK,D,-25,50," "," "," "," ",3,11,8,110,3,2,0,73,0
261,"Blake Comeau",COL,LW,-25,61," "," "," "," ",16,15,6,147,5,1,0,188,7
262,"Andrej Sekera",EDM,D,-25,73," "," "," "," ",3,20,-3,100,0,6,1,59,0
263,"Andy Greene",NJD,D,-25,82," "," "," "," ",3,19,1,83,1,1,1,82,0
264,"Carl Soderberg",COL,C,-26,82," "," "," "," ",13,31,10,163,3,8,0,76,369
265,"Karl Alzner",WSH,D,-26,82," "," "," "," ",5,16,14,72,0,0,0,120,0
266,"Mike Fisher",NSH,C,-26,59," "," "," "," ",19,20,4,111,1,10,1,125,601
267,"Niklas Hjalmarsson",CHI,D,-27,82," "," "," "," ",3,16,25,97,1,0,0,39,0
268,"Calvin de Haan",NYI,D,-27,65," "," "," "," ",1,11,3,92,0,1,1,140,0
269,"Dale Weise",MTL,RW,-27,79," "," "," "," ",10,19,21,91,1,0,0,145,5
270,"Brenden Dillon",SJS,D,-28,80," "," "," "," ",2,8,-13,91,1,0,2,154,0
271,"Kevin Bieksa",ANA,D,-28,60," "," "," "," ",4,10,0,99,1,1,1,109,0
272,"Barret Jackman",NSH,D,-28,80," "," "," "," ",2,13,3,86,1,0,1,108,0
273,"Matt Dumba",MIN,D,-28,58," "," "," "," ",8,8,13,86,2,6,0,42,0
274,"Justin Braun",SJS,D,-28,70," "," "," "," ",1,22,8,94,0,2,0,79,0
275,"Cody Ceci",OTT,D,-29,81," "," "," "," ",5,16,-4,130,0,4,0,89,0
276,"Colin Wilson",NSH,C,-29,77," "," "," "," ",20,22,19,172,5,7,0,52,71
277,"Nick Bonino",PIT,C,-29,75," "," "," "," ",15,24,7,149,6,5,0,31,590
278,"Darren Helm",DET,C,-30,75," "," "," "," ",15,18,7,160,1,7,2,132,223
279,"Sergei Bobrovsky",CBJ,G,-30,51,2,0.918,2.74,30," "," "," "," "," "," "," "," "," "
280,"Eric Gryba",EDM,D,-30,75," "," "," "," ",0,12,11,64,0,0,0,171,0
281,"Alexei Emelin",MTL,D,-30,68," "," "," "," ",3,11,5,43,0,0,0,204,0
282,"Nikolay Kulemin",NYI,LW,-30,82," "," "," "," ",15,16,7,115,0,0,4,129,7
283,"Dmitrij Jaskin",STL,RW,-30,54," "," "," "," ",13,5,7,108,4,3,0,146,3
284,"Brandon Dubinsky",CBJ,C,-31,47," "," "," "," ",13,23,11,100,1,7,1,152,436
285,"Nazem Kadri",TOR,C,-31,73," "," "," "," ",18,21,-7,176,1,7,1,118,528
286,"Sean Couturier",PHI,C,-32,82," "," "," "," ",15,22,4,148,0,6,2,72,643
287,"David Perron",PIT,LW,-32,81," "," "," "," ",17,24,-25,196,2,9,0,171,3
288,"Adam Henrique",NJD,C,-32,75," "," "," "," ",16,27,-6,127,3,16,1,59,270
289,"Luke Schenn",PHI,D,-33,58," "," "," "," ",3,11,-2,67,0,0,0,194,0
290,"Zach Redmond",COL,D,-33,59," "," "," "," ",5,15,-1,93,1,6,0,59,0
291,"Matt Greene",LAK,D,-33,82," "," "," "," ",3,6,1,69,0,0,0,209,0
292,"Patrick Eaves",DAL,RW,-33,47," "," "," "," ",14,13,12,91,2,9,0,69,2
293,"Mattias Ekholm",NSH,D,-34,80," "," "," "," ",7,11,12,86,1,2,0,57,0
294,"Toby Enstrom",WPG,D,-34,60," "," "," "," ",4,19,13,58,0,7,0,27,0
295,"Jan Hejda",COL,D,-34,81," "," "," "," ",1,12,-12,84,0,0,1,170,0
296,"Dan Hamhuis",VAN,D,-34,59," "," "," "," ",1,22,0,82,0,3,0,82,0
297,"Charlie Coyle",MIN,C,-34,82," "," "," "," ",11,24,13,120,4,3,0,137,334
298,"Lars Eller",MTL,C,-35,77," "," "," "," ",15,12,-6,150,7,2,2,76,405
299,"Jonathan Huberdeau",FLA,C,-35,79," "," "," "," ",15,39,10,169,0,12,0,68,2
300,"Jake Gardiner",TOR,D,-35,79," "," "," "," ",4,20,-23,100,0,8,0,109,0
301,"Erik Cole",DET,LW,-35,68," "," "," "," ",21,18,2,122,0,9,1,134,5
302,"Kris Versteeg",CAR,RW,-35,61," "," "," "," ",14,20,11,134,1,5,0,31,15
303,"Alex Galchenyuk",MTL,C,-36,80," "," "," "," ",20,26,8,163,1,12,0,91,82
304,"Steve Downie",ARI,RW,-36,72," "," "," "," ",14,14,2,104,2,5,0,108,4
305,"Michael Raffl",PHI,LW,-36,67," "," "," "," ",21,7,6,134,2,2,1,172,44
306,"Ian Cole",PIT,D,-36,74," "," "," "," ",5,12,14,83,0,1,0,73,0
307,"Paul Martin",SJS,D,-37,74," "," "," "," ",3,17,17,61,0,1,0,60,0
308,"Lee Stempniak",WPG,RW,-37,71," "," "," "," ",15,13,8,115,3,1,0,78,12
309,"Matt Irwin",BOS,D,-37,53," "," "," "," ",8,11,3,93,1,3,0,55,0
310,"John-Michael Liles",CAR,D,-37,57," "," "," "," ",2,20,-9,90,0,7,0,71,0
311,"Bryan Bickell",CHI,LW,-37,80," "," "," "," ",14,14,5,113,3,3,0,205,0
312,"Brad Stuart",COL,D,-38,65," "," "," "," ",3,10,-4,64,0,1,0,177,1
313,"Nick Schultz",PHI,D,-38,80," "," "," "," ",2,13,2,69,1,1,0,113,0
314,"Jonathan Ericsson",DET,D,-38,82," "," "," "," ",3,12,-5,82,0,0,1,114,0
315,"Leo Komarov",TOR,C,-38,62," "," "," "," ",8,18,0,84,1,1,3,250,95
316,"Clarke MacArthur",OTT,LW,-38,62," "," "," "," ",16,20,-6,140,5,10,0,70,8
317,"Luca Sbisa",VAN,D,-38,76," "," "," "," ",3,8,-8,79,2,0,0,151,0
318,"Matt Martin",NYI,LW,-39,78," "," "," "," ",8,6,-4,90,2,0,0,382,5
319,"Chris Stewart",ANA,RW,-39,81," "," "," "," ",14,22,-26,155,0,10,0,110,10
320,"Alex Burrows",VAN,LW,-39,70," "," "," "," ",18,15,0,145,3,8,1,73,6
321,"Patrick Wiercioch",OTT,D,-39,56," "," "," "," ",3,10,3,79,2,5,0,50,0
322,"Nikita Zadorov",COL,D,-40,60," "," "," "," ",3,12,-10,52,1,5,0,134,1
323,"Evander Kane",BUF,LW,-40,37," "," "," "," ",10,12,-1,126,1,6,3,119,30
324,"Alex Chiasson",OTT,RW,-40,76," "," "," "," ",11,15,-5,105,1,6,1,93,3
325,"Rasmus Ristolainen",BUF,D,-40,78," "," "," "," ",8,12,-32,121,0,9,0,118,1
326,"Matt Hunwick",TOR,D,-40,55," "," "," "," ",2,9,17,72,1,2,0,55,0
327,"Marc Methot",OTT,D,-40,45," "," "," "," ",1,10,22,49,0,0,0,94,0
328,"David Jones",CGY,RW,-41,67," "," "," "," ",14,16,-3,114,1,2,0,125,15
329,"Stephane Robidas",TOR,D,-41,52," "," "," "," ",1,6,8,34,0,0,1,141,0
330,"Nail Yakupov",EDM,RW,-41,81," "," "," "," ",14,19,-35,191,1,10,0,97,0
331,"Lubomir Visnovsky",NYI,D,-41,53," "," "," "," ",5,15,-3,85,1,5,0,38,0
332,"Mathieu Perreault",WPG,C,-42,62," "," "," "," ",18,23,7,129,2,12,0,78,226
333,"Brad Richards",DET,C,-42,76," "," "," "," ",12,25,3,199,3,7,0,32,399
334,"Nicklas Grossmann",ARI,D,-42,68," "," "," "," ",5,9,8,43,0,0,0,132,0
335,"Erik Condra",TBL,RW,-42,68," "," "," "," ",9,14,13,106,1,0,2,33,2
336,"Eddie Lack",CAR,G,-43,42,2,0.921,2.45,18," "," "," "," "," "," "," "," "," "
337,"Marcus Johansson",WSH,C,-43,82," "," "," "," ",20,27,6,138,1,15,0,69,7
338,"Mikael Granlund",MIN,C,-43,68," "," "," "," ",8,31,17,99,2,8,0,47,476
339,"Curtis Glencross",WSH,LW,-44,71," "," "," "," ",13,22,2,108,1,11,0,124,8
340,"Petr Mrazek",DET,G,-44,30,3,0.918,2.38,16," "," "," "," "," "," "," "," "," "
341,"Elias Lindholm",CAR,C,-44,81," "," "," "," ",17,22,-23,170,4,15,0,106,115
342,"Jarret Stoll",NYR,C,-44,73," "," "," "," ",6,11,3,83,2,4,2,167,592
343,"Andrew Ference",EDM,D,-44,70," "," "," "," ",3,11,-17,58,0,0,1,156,0
344,"Andrew Cogliano",ANA,C,-44,82," "," "," "," ",15,14,5,134,2,0,3,139,16
345,"Milan Michalek",OTT,LW,-45,66," "," "," "," ",13,21,3,130,1,10,1,64,11
346,"Roman Polak",TOR,D,-45,56," "," "," "," ",5,4,-22,61,1,0,0,225,1
347,"Willie Mitchell",FLA,D,-45,66," "," "," "," ",3,5,1,78,0,0,1,99,0
348,"Jay Bouwmeester",STL,D,-45,72," "," "," "," ",2,11,7,92,0,4,0,42,0
349,"Chris Higgins",VAN,LW,-46,77," "," "," "," ",12,24,8,171,1,5,0,73,3
350,"Ryan Reaves",STL,RW,-46,81," "," "," "," ",6,6,-3,55,1,0,0,276,0
351,"Christopher Tanev",VAN,D,-46,70," "," "," "," ",2,18,8,53,1,2,0,23,0
352,"Kevan Miller",BOS,D,-46,41," "," "," "," ",2,5,20,37,1,0,0,87,0
353,"Alex Killorn",TBL,C,-46,71," "," "," "," ",15,23,8,130,5,3,1,60,35
354,"Brian Strait",NYI,D,-46,52," "," "," "," ",2,5,-1,59,0,0,1,124,0
355,"Michael Hutchinson",WPG,G,-47,39,2,0.914,2.39,21," "," "," "," "," "," "," "," "," "
356,"Stephen Gionta",NJD,RW,-47,61," "," "," "," ",5,8,4,84,1,0,2,92,159
357,"Brett Bellemore",CAR,D,-47,49," "," "," "," ",2,8,1,26,1,0,0,148,0
358,"Justin Fontaine",MIN,RW,-47,71," "," "," "," ",9,22,13,104,2,2,0,9,1
359,"David Rundblad",CHI,D,-47,49," "," "," "," ",3,11,17,58,1,1,0,23,0
360,"Matthew Carle",TBL,D,-47,59," "," "," "," ",4,14,12,73,0,1,0,26,0
361,"Jussi Jokinen",FLA,LW,-47,81," "," "," "," ",8,36,-2,134,0,9,0,52,126
362,"Clayton Stoner",ANA,D,-48,69," "," "," "," ",1,7,-2,68,1,0,0,128,0
363,"Dominic Moore",NYR,C,-48,82," "," "," "," ",10,17,5,116,3,1,2,55,585
364,"Zemgus Girgensons",BUF,C,-48,61," "," "," "," ",15,15,-16,115,1,4,3,127,440
365,"Benoit Pouliot",EDM,LW,-48,58," "," "," "," ",19,15,-1,105,3,7,1,71,13
366,"Ales Hemsky",DAL,RW,-48,76," "," "," "," ",11,21,-8,140,1,8,0,22,0
367,"Jordie Benn",DAL,D,-48,73," "," "," "," ",2,14,-5,70,0,2,0,92,0
368,"Brendan Smith",DET,D,-49,76," "," "," "," ",4,9,-2,88,1,2,0,60,0
369,"Ryan Stanton",WSH,D,-49,54," "," "," "," ",3,8,9,59,0,0,0,93,0
370,"Trevor Lewis",LAK,C,-49,73," "," "," "," ",9,16,8,143,2,0,1,192,76
371,"Nate Thompson",ANA,C,-49,80," "," "," "," ",5,13,0,87,3,0,1,204,557
372,"Chris Kelly",BOS,C,-50,80," "," "," "," ",7,21,6,112,2,0,2,126,262
373,"Antoine Vermette",ARI,C,-50,82," "," "," "," ",13,25,-25,109,1,14,0,80,872
374,"Evgeny Kuznetsov",WSH,C,-50,80," "," "," "," ",11,26,10,127,1,13,0,43,304
375,"Matt Moulson",BUF,LW,-51,77," "," "," "," ",13,28,-11,156,2,11,0,34,13
376,"Nathan Gerbe",CAR,LW,-51,78," "," "," "," ",10,18,-14,235,2,8,0,73,9
377,"Adam Pardy",WPG,D,-51,55," "," "," "," ",0,9,9,29,0,0,1,74,0
378,"Martin Erat",ARI,RW,-51,79," "," "," "," ",9,23,-16,91,1,6,0,96,0
379,"Jared Cowen",OTT,D,-51,54," "," "," "," ",3,6,-11,47,1,0,0,159,0
380,"Michal Rozsival",CHI,D,-51,65," "," "," "," ",1,12,0,56,0,0,0,103,0
381,"Josh Bailey",NYI,LW,-52,70," "," "," "," ",15,26,3,140,1,4,0,66,30
382,"Tom Wilson",WSH,RW,-52,67," "," "," "," ",4,13,-1,79,0,0,0,205,2
383,"Valtteri Filppula",TBL,C,-52,82," "," "," "," ",12,36,-14,91,0,17,0,25,621
384,"Adam McQuaid",BOS,D,-52,63," "," "," "," ",1,6,-2,60,0,0,0,141,0
385,"Cody McLeod",COL,LW,-52,82," "," "," "," ",7,5,-2,94,2,0,1,268,1
386,"John Moore",NJD,D,-52,57," "," "," "," ",2,9,-4,77,0,4,0,77,0
387,"Brandon Prust",VAN,RW,-52,82," "," "," "," ",4,14,6,78,0,0,1,122,16
388,"Pierre-edouard Bellemare",PHI,RW,-52,81," "," "," "," ",6,6,-3,113,1,0,0,121,360
389,"Tom Gilbert",MTL,D,-52,72," "," "," "," ",4,8,10,70,0,0,0,55,0
390,"Rob Scuderi",PIT,D,-52,82," "," "," "," ",1,9,9,52,0,0,1,41,0
391,"Eric Brewer",TOR,D,-52,44," "," "," "," ",3,8,-5,33,1,0,1,87,0
392,"Sergei Gonchar",MTL,D,-53,48," "," "," "," ",1,13,6,46,0,4,0,45,1
393,"Deryk Engelland",CGY,D,-53,76," "," "," "," ",2,9,-16,51,0,0,1,132,0
394,"Curtis Lazar",OTT,RW,-53,67," "," "," "," ",6,9,1,92,0,0,0,167,129
395,"Zbynek Michalek",ARI,D,-54,68," "," "," "," ",4,8,-3,86,0,0,0,85,0
396,"Tim Gleason",WSH,D,-54,72," "," "," "," ",1,8,-13,54,0,0,0,167,0
397,"Robert Bortuzzo",STL,D,-54,51," "," "," "," ",3,5,-9,56,0,0,0,157,1
398,"Dalton Prout",CBJ,D,-54,63," "," "," "," ",0,8,-14,64,0,0,0,166,0
399,"Jakub Kindl",DET,D,-54,35," "," "," "," ",5,8,2,54,0,7,0,31,0
400,"Patrick Maroon",ANA,LW,-54,71," "," "," "," ",9,25,-5,120,1,7,0,120,7
401,"Johnny Oduya",DAL,D,-54,76," "," "," "," ",2,8,5,76,0,0,0,69,0
402,"Vernon Fiddler",DAL,C,-55,80," "," "," "," ",13,16,-5,132,2,3,2,43,569
403,"Mark Arcobello",TOR,C,-55,77," "," "," "," ",17,14,-10,129,2,4,1,111,471
404,"Andrej Sustr",TBL,D,-55,72," "," "," "," ",0,13,10,55,0,1,0,39,0
405,"Nathan Guenin",COL,D,-55,76," "," "," "," ",2,13,-1,38,0,0,0,94,0
406,"Kari Lehtonen",DAL,G,-55,65,5,0.903,2.99,34," "," "," "," "," "," "," "," "," "
407,"Taylor Hall",EDM,LW,-55,53," "," "," "," ",14,24,-1,158,0,6,0,67,45
408,"Craig Anderson",OTT,G,-55,35,3,0.923,2.57,14," "," "," "," "," "," "," "," "," "
409,"Travis Zajac",NJD,C,-56,74," "," "," "," ",11,14,-3,112,0,7,2,70,641
410,"Cody Goloubef",CBJ,D,-56,36," "," "," "," ",0,9,12,23,0,0,1,44,0
411,"Carl Gunnarsson",STL,D,-56,61," "," "," "," ",2,10,10,54,0,1,0,42,0
412,"Damon Severson",NJD,D,-56,51," "," "," "," ",5,12,-13,93,0,7,0,19,0
413,"Mike Weber",BUF,D,-56,64," "," "," "," ",1,6,-22,41,0,0,1,172,0
414,"Chris Butler",STL,D,-56,33," "," "," "," ",3,6,8,54,0,0,1,31,0
415,"Jean-gabriel Pageau",OTT,C,-56,50," "," "," "," ",10,9,4,97,2,0,2,158,335
416,"Peter Holland",TOR,C,-56,62," "," "," "," ",11,14,0,93,3,3,2,99,312
417,"Jon Merrill",NJD,D,-56,66," "," "," "," ",2,12,-14,47,0,4,1,59,0
418,"Mark Fayne",EDM,D,-57,74," "," "," "," ",2,6,-21,78,0,0,2,81,0
419,"Patrik Elias",NJD,LW,-57,69," "," "," "," ",13,21,-20,114,1,9,2,23,263
420,"Radko Gudas",PHI,D,-57,31," "," "," "," ",2,3,-5,63,1,0,0,115,0
421,"Victor Rask",CAR,C,-58,80," "," "," "," ",11,22,-14,172,2,11,0,42,468
422,"Brett Connolly",BOS,RW,-58,55," "," "," "," ",12,5,3,83,2,3,0,90,18
423,"Nathan Beaulieu",MTL,D,-58,64," "," "," "," ",1,8,6,62,0,2,0,50,0
424,"Ron Hainsey",CAR,D,-58,81," "," "," "," ",2,8,-14,83,0,1,0,110,1
425,"David Legwand",BUF,C,-58,80," "," "," "," ",9,18,1,91,0,12,2,43,451
426,"Nathan MacKinnon",COL,C,-59,64," "," "," "," ",14,24,-7,192,2,7,0,43,201
427,"Craig Adams",PIT,RW,-59,71," "," "," "," ",1,6,-1,51,1,0,1,183,17
428,"Korbinian Holzer",ANA,D,-59,34," "," "," "," ",0,6,3,32,0,0,0,117,0
429,"Joe Colborne",CGY,C,-59,64," "," "," "," ",8,20,7,67,1,5,1,158,176
430,"Oscar Klefbom",EDM,D,-60,60," "," "," "," ",2,18,-21,98,0,2,0,45,0
431,"Aleksander Barkov",FLA,C,-60,71," "," "," "," ",16,20,-4,123,3,7,0,35,462
432,"Sam Gagner",PHI,C,-60,81," "," "," "," ",15,26,-28,183,1,12,0,63,361
433,"Matt Tennyson",SJS,D,-60,27," "," "," "," ",2,6,0,37,0,2,1,48,0
434,"Andrej Meszaros",BUF,D,-60,60," "," "," "," ",7,7,-13,67,1,1,0,67,0
435,"Casey Cizikas",NYI,C,-60,70," "," "," "," ",9,9,-2,90,2,1,2,144,446
436,"Tomas Jurco",DET,RW,-60,63," "," "," "," ",3,15,6,92,0,2,0,97,0
437,"Tomas Hertl",SJS,C,-60,82," "," "," "," ",13,18,-5,145,4,6,0,106,38
438,"Linden Vey",VAN,RW,-61,75," "," "," "," ",10,14,-3,61,2,6,0,14,215
439,"Jay Harrison",WPG,D,-61,55," "," "," "," ",3,6,-1,50,0,2,0,76,0
440,"Brian Flynn",MTL,RW,-61,63," "," "," "," ",5,12,-5,82,0,1,2,44,172
441,"Andrew MacDonald",PHI,D,-61,58," "," "," "," ",2,10,-5,62,0,5,0,35,0
442,"Scottie Upshall",FLA,RW,-61,63," "," "," "," ",8,7,-8,93,2,1,0,128,34
443,"Anton Volchenkov",NSH,D,-61,46," "," "," "," ",0,7,4,35,0,0,0,93,0
444,"Teddy Purcell",EDM,RW,-61,82," "," "," "," ",12,22,-33,146,0,12,0,24,4
445,"Ben Smith",SJS,RW,-61,80," "," "," "," ",7,7,2,92,1,0,0,72,310
446,"Dwight King",LAK,LW,-62,81," "," "," "," ",13,13,-3,127,1,1,1,124,3
447,"Melker Karlsson",SJS,RW,-62,53," "," "," "," ",13,11,-3,100,2,1,0,51,13
448,"Braydon Coburn",TBL,D,-62,43," "," "," "," ",1,10,2,46,0,0,0,62,0
449,"Andrew Shaw",CHI,C,-62,79," "," "," "," ",15,11,-8,146,2,6,0,127,357
450,"Mark Fraser",NJD,D,-62,34," "," "," "," ",0,4,2,19,0,0,1,85,0
451,"Jeff Skinner",CAR,LW,-62,77," "," "," "," ",18,13,-24,235,2,7,0,47,21
452,"Rickard Rakell",ANA,C,-62,71," "," "," "," ",9,22,6,105,1,9,0,79,310
453,"Ryan Murphy",CAR,D,-63,37," "," "," "," ",4,9,-11,61,1,5,0,20,0
454,"Jordin Tootoo",NJD,RW,-63,68," "," "," "," ",10,5,1,75,1,1,0,127,1
455,"Mikael Backlund",CGY,C,-64,52," "," "," "," ",10,17,4,103,2,1,2,41,423
456,"Ben Chiarot",WPG,D,-64,40," "," "," "," ",2,6,5,37,0,0,0,70,0
457,"Calvin Pickard",COL,G,-64,16,2,0.932,2.5,6," "," "," "," "," "," "," "," "," "
458,"Martin Hanzal",ARI,C,-64,37," "," "," "," ",8,16,-1,85,3,4,1,105,346
459,"Victor Bartley",NSH,D,-64,37," "," "," "," ",0,10,1,28,0,0,0,77,0
460,"John Mitchell",COL,C,-65,68," "," "," "," ",11,15,-9,105,1,4,1,143,374
461,"Kyle Clifford",LAK,LW,-65,80," "," "," "," ",6,9,5,117,1,0,0,200,2
462,"PA Parenteau",TOR,RW,-65,56," "," "," "," ",8,14,0,97,1,4,0,32,10
463,"Jamie Oleksiak",DAL,D,-65,36," "," "," "," ",1,7,0,36,0,0,0,82,0
464,"Nikita Nesterov",TBL,D,-65,27," "," "," "," ",2,5,6,44,0,2,0,42,0
465,"Christian Folin",MIN,D,-65,40," "," "," "," ",2,8,3,39,0,1,0,46,0
466,"Chris Thorburn",WPG,RW,-66,81," "," "," "," ",7,7,-5,67,2,0,0,126,36
467,"Tobias Rieder",ARI,C,-66,72," "," "," "," ",13,8,-19,189,1,2,3,123,1
468,"Joffrey Lupul",TOR,RW,-67,55," "," "," "," ",10,11,-10,97,1,3,0,78,4
469,"Riley Sheahan",DET,C,-67,79," "," "," "," ",13,23,-3,123,0,11,0,21,484
470,"Nikita Nikitin",EDM,D,-67,42," "," "," "," ",4,6,-12,80,1,3,0,21,0
471,"Matt Bartkowski",VAN,D,-67,47," "," "," "," ",0,4,-6,67,0,0,0,88,0
472,"Cedric Paquette",TBL,C,-67,64," "," "," "," ",12,7,4,91,3,0,2,127,112
473,"Matt Calvert",CBJ,LW,-67,56," "," "," "," ",13,10,1,93,3,0,1,92,6
474,"Andrej Nestrasil",CAR,RW,-68,54," "," "," "," ",7,13,-1,82,0,5,0,54,55
475,"Luke Glendening",DET,C,-68,82," "," "," "," ",12,6,5,104,2,1,0,147,499
476,"David Clarkson",CBJ,RW,-68,61," "," "," "," ",10,5,-12,95,1,1,0,133,25
477,"Carlo Colaiacovo",BUF,D,-68,33," "," "," "," ",2,6,0,42,0,2,0,46,0
478,"Dylan Olsen",FLA,D,-68,44," "," "," "," ",2,6,-7,44,0,1,0,77,0
479,"Ryan Garbutt",CHI,LW,-68,67," "," "," "," ",8,17,-9,143,2,0,1,82,16
480,"David Krejci",BOS,C,-69,47," "," "," "," ",7,24,7,70,1,8,1,35,316
481,"Patrick Dwyer",CAR,RW,-69,71," "," "," "," ",5,7,-12,77,0,0,1,145,5
482,"Derrick Pouliot",PIT,D,-69,34," "," "," "," ",2,5,-11,56,2,4,0,15,0
483,"Richard Panik",TOR,RW,-69,76," "," "," "," ",11,6,-8,87,1,2,0,101,2
484,"Zack Kassian",MTL,RW,-69,42," "," "," "," ",10,6,-5,55,3,1,0,88,0
485,"Marcus Foligno",BUF,LW,-70,57," "," "," "," ",8,12,-5,66,0,1,1,193,57
486,"Connor Murphy",ARI,D,-70,73," "," "," "," ",4,3,-27,72,0,0,0,137,0
487,"Jason Zucker",MIN,LW,-71,51," "," "," "," ",21,5,-9,124,3,1,1,67,2
488,"Jimmy Howard",DET,G,-71,53,1,0.91,2.49,23," "," "," "," "," "," "," "," "," "
489,"Jyrki Jokipakka",DAL,D,-71,51," "," "," "," ",0,10,-2,40,0,0,0,42,0
490,"Cam Ward",CAR,G,-71,51,1,0.91,2.45,22," "," "," "," "," "," "," "," "," "
491,"Zach Trotman",BOS,D,-71,27," "," "," "," ",1,4,-2,46,1,0,0,44,0
492,"David Schlemko",NJD,D,-71,44," "," "," "," ",1,3,1,45,0,2,0,45,0
493,"Jamie McBain",LAK,D,-72,26," "," "," "," ",3,6,4,18,0,3,0,21,0
494,"David Pastrnak",BOS,LW,-72,46," "," "," "," ",10,17,12,93,3,3,0,20,5
495,"Nate Prosser",MIN,D,-72,63," "," "," "," ",2,5,-1,38,1,0,0,34,0
496,"Mike Santorelli",ANA,C,-72,62," "," "," "," ",11,20,4,107,1,2,2,48,77
497,"Mikkel Boedker",ARI,LW,-72,45," "," "," "," ",14,14,-10,79,2,12,0,66,0
498,"Brandon Pirri",FLA,C,-72,49," "," "," "," ",22,2,6,143,4,7,0,39,86
499,"Chris Phillips",OTT,D,-73,36," "," "," "," ",0,3,0,29,0,1,0,70,0
500,"David Moss",ARI,RW,-73,60," "," "," "," ",4,8,-18,96,0,2,1,115,6
501,"Scott Hannan",SJS,D,-73,58," "," "," "," ",2,5,0,53,0,0,0,32,0
502,"Artem Anisimov",CHI,C,-73,52," "," "," "," ",7,20,-6,88,2,4,3,33,102
503,"Tim Erixon",PIT,D,-73,42," "," "," "," ",2,5,-7,36,0,5,0,34,0
504,"Nicolas Deslauriers",BUF,LW,-74,82," "," "," "," ",5,10,-24,76,1,0,1,261,0
505,"Michael Ryder",NJD,RW,-74,47," "," "," "," ",6,13,-1,89,0,2,0,53,2
506,"Olli Maatta",PIT,D,-74,20," "," "," "," ",1,8,1,27,0,2,0,18,0
507,"Raphael Diaz",NYR,D,-75,56," "," "," "," ",2,2,-3,52,1,1,0,24,0
508,"Dave Bolland",FLA,C,-75,53," "," "," "," ",6,17,4,76,0,5,1,88,414
509,"Steven Kampfer",FLA,D,-75,25," "," "," "," ",2,2,-4,28,1,1,0,49,0
510,"Andre Benoit",STL,D,-75,59," "," "," "," ",1,8,-19,45,0,1,1,38,0
511,"Mark Barberio",MTL,D,-75,52," "," "," "," ",1,6,-4,53,0,0,0,35,0
512,"Paul Postma",WPG,D,-76,42," "," "," "," ",2,4,1,40,0,2,0,17,0
513,"Shawn Horcoff",ANA,C,-76,76," "," "," "," ",11,18,9,82,1,5,0,80,237
514,"Jonathan Drouin",TBL,LW,-76,70," "," "," "," ",4,28,3,76,0,6,0,55,11
515,"Jason Chimera",WSH,LW,-76,77," "," "," "," ",7,12,-1,96,2,0,0,132,43
516,"Grant Clitsome",WPG,D,-76,24," "," "," "," ",0,4,4,22,0,0,0,46,0
517,"Alex Petrovic",FLA,D,-76,33," "," "," "," ",0,3,-4,29,0,0,0,76,0
518,"Josh Jooris",CGY,C,-76,60," "," "," "," ",12,12,1,89,4,5,0,59,276
519,"Jordan Staal",CAR,C,-77,46," "," "," "," ",6,18,-6,92,1,7,0,85,499
520,"Michal Jordan",CAR,D,-77,38," "," "," "," ",2,4,-7,44,0,2,0,35,0
521,"Scott Gomez",NJD,C,-78,58," "," "," "," ",7,27,-10,70,1,14,0,24,367
522,"Brett Ritchie",DAL,RW,-78,31," "," "," "," ",6,3,-1,78,1,1,0,89,1
523,"Lauri Korpikoski",EDM,LW,-78,69," "," "," "," ",6,15,-27,82,1,8,1,141,11
524,"Jesper Fast",NYR,RW,-79,58," "," "," "," ",6,8,-1,52,0,1,0,102,4
525,"Derek Roy",EDM,C,-79,72," "," "," "," ",12,20,-13,113,2,7,0,32,407
526,"Josh Manson",ANA,D,-79,28," "," "," "," ",0,3,1,26,0,0,0,44,0
527,"Beau Bennett",PIT,RW,-79,49," "," "," "," ",4,8,-1,81,1,0,0,68,0
528,"Derek MacKenzie",FLA,C,-80,82," "," "," "," ",5,6,-17,72,0,1,0,273,543
529,"Nate Schmidt",WSH,D,-80,39," "," "," "," ",1,3,-2,40,0,0,0,34,0
530,"Jack Hillen",CAR,D,-80,38," "," "," "," ",0,5,-1,24,0,0,0,38,0
531,"Matthew Nieto",SJS,LW,-80,72," "," "," "," ",10,17,-12,135,1,4,1,24,0
532,"Paul Gaustad",NSH,C,-81,73," "," "," "," ",4,10,7,54,1,0,0,143,619
533,"Chris Neil",OTT,RW,-81,38," "," "," "," ",4,3,5,23,0,1,0,136,3
534,"Adam Clendening",PIT,D,-81,21," "," "," "," ",1,3,2,17,0,3,0,9,0
535,"Seth Helgeson",NJD,D,-81,22," "," "," "," ",0,2,4,11,0,0,0,42,0
536,"Slava Voynov",LAK,D,-81,6," "," "," "," ",0,2,0,5,0,1,1,11,0
537,"Alexander Semin",MTL,RW,-81,57," "," "," "," ",6,13,-10,93,0,4,0,30,3
538,"Pascal Dupuis",PIT,RW,-81,16," "," "," "," ",6,5,2,44,1,3,1,20,1
539,"Johan Franzen",DET,LW,-81,33," "," "," "," ",7,15,-12,74,3,11,0,45,5
540,"Jordan Leopold",MIN,D,-82,43," "," "," "," ",1,3,-6,39,0,1,0,33,0
541,"J.t. Miller",NYR,C,-82,58," "," "," "," ",10,13,5,92,3,3,0,89,93
542,"Keith Aulie",EDM,D,-82,31," "," "," "," ",0,1,-3,25,0,0,0,59,0
543,"Klas Dahlbeck",ARI,D,-82,23," "," "," "," ",1,3,-8,20,0,0,0,64,0
544,"Josh Gorges",BUF,D,-83,46," "," "," "," ",0,6,-28,28,0,0,1,75,0
545,"Mirco Mueller",SJS,D,-83,39," "," "," "," ",1,3,-8,31,0,0,0,49,0
546,"Brooks Laich",WSH,C,-83,66," "," "," "," ",7,13,-2,106,2,1,1,107,87
547,"Petteri Lindbohm",STL,D,-83,23," "," "," "," ",2,1,-1,32,0,0,0,26,0
548,"Xavier Ouellet",DET,D,-83,21," "," "," "," ",2,1,4,27,0,0,0,11,0
549,"Matt Donovan",BUF,D,-84,12," "," "," "," ",0,3,4,12,0,0,0,22,0
550,"Mike Weaver",MTL,D,-84,31," "," "," "," ",0,4,0,8,0,0,0,35,0
551,"Martin Marincin",TOR,D,-84,41," "," "," "," ",1,4,-4,38,0,0,0,17,1
552,"Michael Grabner",TOR,RW,-84,34," "," "," "," ",8,5,4,63,0,0,0,62,0
553,"Tomas Fleischmann",ANA,C,-84,66," "," "," "," ",8,19,12,131,1,1,0,64,4
554,"Tim Jackman",ANA,RW,-84,55," "," "," "," ",5,2,-4,55,1,0,0,110,10
555,"Andre Burakovsky",WSH,LW,-84,53," "," "," "," ",9,13,12,65,2,3,0,22,74
556,"Brandon Gormley",COL,D,-84,27," "," "," "," ",2,2,-7,39,0,1,0,26,0
557,"Matt Hendricks",EDM,C,-84,71," "," "," "," ",8,8,-14,103,0,1,1,220,98
558,"Riley Nash",CAR,C,-84,68," "," "," "," ",8,17,-10,94,0,6,0,88,488
559,"Colton Sceviour",DAL,C,-84,71," "," "," "," ",9,17,1,113,2,4,0,77,30
560,"Sean Bergenheim",MIN,LW,-84,56," "," "," "," ",9,10,-2,108,2,2,0,73,2
561,"Patrik Nemeth",DAL,D,-85,22," "," "," "," ",0,3,0,16,0,0,0,28,0
562,"Jay Beagle",WSH,C,-85,62," "," "," "," ",10,10,6,84,2,0,1,73,217
563,"Alex Biega",VAN,D,-85,7," "," "," "," ",1,0,-2,7,1,0,0,34,0
564,"Tyson Strachan",MIN,D,-85,46," "," "," "," ",0,5,-30,38,0,0,1,67,0
565,"Rob Klinkhammer",EDM,LW,-85,69," "," "," "," ",5,4,-4,64,0,0,0,236,10
566,"Mark Pysyk",BUF,D,-85,7," "," "," "," ",2,1,4,4,1,0,0,1,0
567,"Antoine Roussel",DAL,LW,-85,80," "," "," "," ",13,12,-20,113,1,3,0,115,3
568,"Brandon Manning",PHI,D,-85,11," "," "," "," ",0,3,3,10,0,0,0,19,0
569,"Peter Harrold",STL,D,-85,43," "," "," "," ",3,2,-10,31,0,0,0,40,0
570,"Bo Horvat",VAN,C,-86,68," "," "," "," ",13,12,-8,93,1,0,1,70,436
571,"Greg Pateryn",MTL,D,-86,17," "," "," "," ",0,0,0,10,0,0,0,48,0
572,"Patrik Berglund",STL,C,-86,77," "," "," "," ",12,15,-2,145,0,1,0,93,160
573,"Matt Halischuk",WPG,RW,-86,47," "," "," "," ",3,5,5,59,1,0,0,55,1
574,"Drew Miller",DET,LW,-86,82," "," "," "," ",5,8,-3,98,0,1,1,119,6
575,"Tanner Pearson",LAK,LW,-86,42," "," "," "," ",12,4,14,68,3,1,0,46,5
576,"Joe Morrow",BOS,D,-86,15," "," "," "," ",1,0,3,20,0,0,0,18,0
577,"Taylor Fedun",VAN,D,-87,7," "," "," "," ",0,4,0,12,0,2,0,0,0
578,"Marc-andre Cliche",COL,RW,-87,74," "," "," "," ",2,5,-2,68,0,0,0,27,377
579,"Danny Briere",COL,RW,-87,57," "," "," "," ",8,4,-7,69,3,0,0,19,13
580,"Andrew Campbell",ARI,D,-87,33," "," "," "," ",0,1,-13,28,0,0,0,67,0
581,"David Booth",TOR,LW,-88,59," "," "," "," ",7,6,-8,107,2,0,1,87,6
582,"Luke Witkowski",TBL,D,-88,16," "," "," "," ",0,0,0,10,0,0,0,37,0
583,"Niklas Svedberg",BOS,G,-88,19,2,0.918,2.33,7," "," "," "," "," "," "," "," "," "
584,"Gregory Campbell",CBJ,C,-88,70," "," "," "," ",6,6,1,64,2,0,1,119,339
585,"Stuart Percy",TOR,D,-88,9," "," "," "," ",0,3,-4,13,0,2,0,14,0
586,"Ryan Murray",CBJ,D,-89,12," "," "," "," ",1,2,1,8,0,1,0,5,0
587,"Brian Lashoff",DET,D,-89,11," "," "," "," ",0,2,4,7,0,0,0,7,0
588,"Tomas Kopecky",FLA,RW,-89,64," "," "," "," ",2,6,-19,106,1,0,0,88,3
589,"Jacob Josefson",NJD,C,-89,62," "," "," "," ",6,5,0,61,1,2,3,55,289
590,"Jiri Sekac",ANA,LW,-89,69," "," "," "," ",9,14,0,85,0,3,0,75,0
591,"Shawn Matthias",TOR,C,-89,78," "," "," "," ",18,9,-3,132,0,1,1,66,84
592,"Colby Robak",ANA,D,-89,12," "," "," "," ",0,1,2,8,0,0,0,16,0
593,"Nick Spaling",TOR,C,-90,82," "," "," "," ",9,18,-2,90,0,1,0,134,84
594,"Chris Summers",NYR,D,-90,20," "," "," "," ",0,3,-12,15,0,0,0,49,0
595,"Vincent Trocheck",FLA,C,-90,50," "," "," "," ",7,15,9,89,0,1,0,93,234
596,"Boyd Gordon",ARI,C,-90,68," "," "," "," ",6,7,-5,65,1,1,2,31,681
597,"Jim Slater",WPG,C,-90,82," "," "," "," ",5,8,-4,51,1,0,1,134,448
598,"Tuomo Ruutu",NJD,LW,-90,77," "," "," "," ",7,6,-3,74,0,0,0,174,4
599,"Dennis Everberg",COL,RW,-90,55," "," "," "," ",3,9,-7,62,0,0,0,73,0
600,"Alexey Marchenko",DET,D,-91,13," "," "," "," ",1,1,1,7,0,0,0,9,0
601,"Shane O'Brien",ANA,D,-91,9," "," "," "," ",0,1,-4,4,0,0,0,36,0
602,"Bryan Allen",MTL,D,-91,11," "," "," "," ",0,2,-2,6,0,0,0,20,0
603,"Ladislav Smid",CGY,D,-91,31," "," "," "," ",0,1,-12,21,0,0,0,51,0
604,"Trevor Van Riemsdyk",CHI,D,-91,18," "," "," "," ",0,1,0,21,0,0,0,4,0
605,"Brad Hunt",EDM,D,-91,11," "," "," "," ",1,2,-6,20,0,1,0,8,0
606,"Andrew Macwilliam",WPG,D,-91,12," "," "," "," ",0,2,-6,5,0,0,0,35,0
607,"Griffin Reinhart",EDM,D,-91,8," "," "," "," ",0,1,1,4,0,0,0,14,0
608,"Chad Ruhwedel",BUF,D,-91,4," "," "," "," ",0,1,3,4,0,0,0,6,0
609,"Karl Stollery",SJS,D,-91,10," "," "," "," ",0,0,-1,9,0,0,0,23,0
610,"Bryce Salvador",NJD,D,-91,15," "," "," "," ",0,2,-5,13,0,0,0,22,0
611,"Jay McClement",CAR,C,-91,82," "," "," "," ",7,14,-7,68,2,0,0,79,549
612,"Emerson Etem",NYR,RW,-91,45," "," "," "," ",5,5,-6,77,0,0,0,63,2
613,"Jeff Schultz",LAK,D,-91,9," "," "," "," ",0,1,1,7,0,0,0,10,0
614,"Danny Biega",CAR,D,-92,10," "," "," "," ",0,2,-5,7,0,0,0,27,0
615,"Jiri Tlusty",NJD,C,-92,72," "," "," "," ",14,17,-18,123,0,10,0,80,5
616,"Mat Clark",COL,D,-92,7," "," "," "," ",0,1,2,2,0,0,0,10,0
617,"Barclay Goodrow",SJS,LW,-92,60," "," "," "," ",4,8,-1,68,2,0,1,76,12
618,"Martin Havlat",NJD,RW,-92,40," "," "," "," ",5,9,-11,49,1,6,0,11,0
619,"Stu Bickel",MIN,D,-92,9," "," "," "," ",0,1,1,3,0,0,0,10,0
620,"Michael Kostka",OTT,D,-92,7," "," "," "," ",0,1,1,7,0,0,0,6,0
621,"Eric Nystrom",NSH,LW,-92,60," "," "," "," ",7,5,0,60,1,0,1,104,4
622,"Petter Granberg",TOR,D,-93,7," "," "," "," ",0,0,1,1,0,0,0,16,0
623,"Taylor Beck",NYI,LW,-93,62," "," "," "," ",8,8,-4,78,3,2,0,61,5
624,"Brian Dumoulin",PIT,D,-93,8," "," "," "," ",1,0,0,4,0,0,0,11,0
625,"Erik Haula",MIN,LW,-93,72," "," "," "," ",7,7,-7,92,1,1,1,31,260
626,"David Warsofsky",PIT,D,-93,4," "," "," "," ",0,1,1,7,0,0,0,2,0
627,"Jarred Tinordi",MTL,D,-93,13," "," "," "," ",0,2,-5,5,0,0,0,20,0
628,"Mark Fistric",ANA,D,-93,9," "," "," "," ",0,0,-3,1,0,0,0,28,0
629,"Jack Skille",CBJ,RW,-93,45," "," "," "," ",6,2,-18,95,0,0,0,96,3
630,"Daniel Paille",BOS,LW,-93,71," "," "," "," ",6,7,-9,66,1,0,2,77,2
631,"J.t. Brown",TBL,RW,-94,52," "," "," "," ",3,6,-2,74,0,0,0,43,6
632,"Keith Ballard",MIN,D,-94,14," "," "," "," ",0,1,-3,5,0,0,0,15,0
633,"Kimmo Timonen",CHI,D,-94,16," "," "," "," ",0,0,-3,10,0,0,0,15,0
634,"David Musil",EDM,D,-94,4," "," "," "," ",0,2,-2,3,0,0,0,5,0
635,"Boone Jenner",CBJ,C,-94,31," "," "," "," ",9,8,-5,83,2,5,0,102,151
636,"Brandon Davidson",EDM,D,-95,12," "," "," "," ",1,0,-5,7,0,0,0,18,0
637,"Cameron Schilling",CHI,D,-95,4," "," "," "," ",0,0,1,2,0,0,0,4,0
638,"Brad Richardson",ARI,C,-95,45," "," "," "," ",8,13,0,66,1,1,1,58,276
639,"Marko Dano",CHI,C,-95,35," "," "," "," ",8,13,12,84,1,0,0,94,16
640,"Rasmus Rissanen",CAR,D,-95,6," "," "," "," ",0,0,-5,3,0,0,0,25,0
641,"James Sheppard",NYR,C,-95,71," "," "," "," ",7,11,-4,79,1,1,0,121,278
642,"Michael Paliotta",CBJ,D,-95,1," "," "," "," ",0,1,0,2,0,0,0,0,0
643,"Paul Byron",CGY,C,-95,57," "," "," "," ",6,13,-2,62,0,1,2,101,34
644,"Slater Koekkoek",TBL,D,-95,3," "," "," "," ",0,0,0,6,0,0,0,2,0
645,"Anthony Bitetto",NSH,D,-95,7," "," "," "," ",0,0,-1,2,0,0,0,9,1
646,"FrÉdÉric St-denis",CBJ,D,-95,4," "," "," "," ",0,1,-1,2,0,0,0,2,0
647,"Jake Mccabe",BUF,D,-95,2," "," "," "," ",0,0,0,2,0,0,0,4,0
648,"Justin Falk",CBJ,D,-96,18," "," "," "," ",1,1,-9,18,0,0,0,12,0
649,"Raman Hrabarenka",NJD,D,-96,1," "," "," "," ",0,0,1,0,0,0,0,1,0
650,"Taylor Chorney",WSH,D,-96,7," "," "," "," ",0,0,-1,4,0,0,0,5,0
651,"Maxime Talbot",BOS,C,-96,81," "," "," "," ",5,13,-1,97,1,0,0,132,76
652,"Conor Allen",NSH,D,-96,4," "," "," "," ",0,0,-1,2,0,0,0,6,0
653,"Corey Potter",CGY,D,-96,6," "," "," "," ",0,0,-1,2,0,0,0,6,0
654,"Kyle Cumiskey",CHI,D,-96,7," "," "," "," ",0,0,-1,5,0,0,0,3,0
655,"Stefan Elliott",ARI,D,-96,5," "," "," "," ",0,0,-2,10,0,0,0,2,0
656,"Keaton Ellerby",WPG,D,-96,1," "," "," "," ",0,1,-1,0,0,0,0,1,0
657,"Dylan McIlrath",NYR,D,-96,1," "," "," "," ",0,0,0,0,0,0,0,2,0
658,"Duncan Siemens",COL,D,-96,1," "," "," "," ",0,0,0,0,0,0,0,2,0
659,"John Ramage",CBJ,D,-96,1," "," "," "," ",0,0,-1,4,0,0,0,2,0
660,"Julien Brouillette",WPG,D,-96,1," "," "," "," ",0,0,0,0,0,0,0,1,0
661,"Dylan Reese",ARI,D,-96,1," "," "," "," ",0,0,-1,3,0,0,0,2,0
662,"Frank Corrado",VAN,D,-97,10," "," "," "," ",1,0,-7,8,0,0,0,15,0
663,"Brett Kulak",CGY,D,-97,1," "," "," "," ",0,0,0,0,0,0,0,0,0
664,"Oliver Lauridsen",PHI,D,-97,1," "," "," "," ",0,0,-1,2,0,0,0,2,0
665,"Jordan Oesterle",EDM,D,-97,6," "," "," "," ",0,1,-4,7,0,0,0,2,0
666,"Darnell Nurse",EDM,D,-97,2," "," "," "," ",0,0,-2,2,0,0,0,5,0
667,"TJ Brennan",TOR,D,-97,6," "," "," "," ",0,1,-7,11,0,1,0,2,0
668,"Steve Oleksy",PIT,D,-97,1," "," "," "," ",0,0,-1,1,0,0,0,2,0
669,"Matt Cullen",PIT,C,-97,62," "," "," "," ",7,18,8,90,1,4,0,10,155
670,"Jonathon Blum",MIN,D,-97,4," "," "," "," ",0,1,-3,3,0,0,0,1,0
671,"RJ Umberger",PHI,LW,-97,67," "," "," "," ",9,6,-9,96,0,2,0,114,9
672,"Mark Alt",PHI,D,-97,1," "," "," "," ",0,0,-1,0,0,0,0,1,0
673,"Ryan Wilson",COL,D,-97,3," "," "," "," ",0,0,-3,3,0,0,0,6,0
674,"Calle Jarnkrok",NSH,C,-97,74," "," "," "," ",7,11,2,95,1,0,1,32,296
675,"Joe Piskula",ANA,D,-97,1," "," "," "," ",0,0,-1,0,0,0,0,0,0
676,"Keegan Lowe",CAR,D,-98,2," "," "," "," ",0,0,-2,0,0,0,0,3,0
677,"Shayne Gostisbehere",PHI,D,-98,2," "," "," "," ",0,0,-2,2,0,0,0,0,0
678,"Jared Boll",CBJ,RW,-98,72," "," "," "," ",1,4,-13,28,0,0,0,131,0
679,"Philip Samuelsson",ARI,D,-98,4," "," "," "," ",0,0,-3,4,0,0,0,2,0
680,"Jesse Blacker",FLA,D,-98,1," "," "," "," ",0,0,-2,0,0,0,0,1,0
681,"Colin McDonald",PHI,RW,-98,18," "," "," "," ",2,6,-3,29,0,0,0,72,2
682,"Patrick Kaleta",BUF,RW,-99,42," "," "," "," ",0,3,-11,25,0,0,1,88,3
683,"Tyler Wotherspoon",CGY,D,-99,1," "," "," "," ",0,0,-3,1,0,0,0,0,0
684,"Karri Ramo",CGY,G,-99,34,2,0.912,2.6,15," "," "," "," "," "," "," "," "," "
685,"Johan Larsson",BUF,LW,-99,39," "," "," "," ",6,10,0,50,0,4,0,59,150
686,"Matt Stajan",CGY,C,-100,59," "," "," "," ",7,10,7,46,0,0,1,72,303
687,"Scott Harrington",TOR,D,-100,10," "," "," "," ",0,0,-10,9,0,0,0,12,0
688,"Tanner Glass",NYR,LW,-100,66," "," "," "," ",1,5,-12,53,0,0,0,213,7
689,"Shawn Thornton",FLA,RW,-100,46," "," "," "," ",1,4,-13,53,0,0,0,93,3
690,"Mason Raymond",CGY,LW,-101,57," "," "," "," ",12,11,-8,123,1,1,0,7,0
691,"Anthony Peluso",WPG,RW,-101,49," "," "," "," ",1,1,-3,23,0,0,0,100,0
692,"Kyle Brodziak",STL,C,-101,73," "," "," "," ",9,11,-6,86,0,0,1,56,338
693,"B.J. Crombeen",ARI,RW,-101,58," "," "," "," ",3,3,-6,43,0,0,0,68,1
694,"Anton Lander",EDM,C,-102,38," "," "," "," ",6,14,-12,61,2,7,0,59,226
695,"Brad Malone",CAR,C,-102,65," "," "," "," ",7,8,-8,65,2,0,0,162,30
696,"Chris Terry",CAR,LW,-103,57," "," "," "," ",11,9,-4,71,0,4,0,44,6
697,"Gabriel Bourque",NSH,LW,-103,69," "," "," "," ",3,10,-13,76,0,0,0,141,3
698,"Damien Brunner",NJD,RW,-104,17," "," "," "," ",2,5,-1,29,0,4,0,7,2
699,"Matt Fraser",WPG,LW,-104,60," "," "," "," ",8,4,-16,92,1,1,0,111,3
700,"Iiro Pakarinen",EDM,RW,-105,17," "," "," "," ",1,2,-4,34,0,2,0,51,1
701,"Marcus Kruger",CHI,C,-105,81," "," "," "," ",7,10,-5,126,1,0,0,29,357
702,"Marcel Goc",STL,C,-105,74," "," "," "," ",3,6,-3,77,0,0,1,87,372
703,"Ryan White",PHI,C,-105,34," "," "," "," ",6,6,4,45,1,0,1,108,65
704,"Craig Cunningham",ARI,LW,-105,51," "," "," "," ",3,4,-7,54,0,0,1,107,69
705,"Zach Sill",WSH,LW,-106,63," "," "," "," ",1,3,-5,43,0,0,0,173,46
706,"Corey Tropp",CHI,RW,-106,61," "," "," "," ",1,7,-14,22,0,0,0,80,1
707,"Tyler Pitlick",EDM,RW,-106,17," "," "," "," ",2,0,-3,18,1,0,0,55,5
708,"Jonathan Bernier",TOR,G,-106,58,2,0.912,2.93,21," "," "," "," "," "," "," "," "," "
709,"Rene Bourque",CBJ,LW,-107,51," "," "," "," ",6,8,-15,85,1,3,0,71,4
710,"Stephen Weiss",DET,C,-107,52," "," "," "," ",9,16,-2,52,1,9,0,19,10
711,"Steve Ott",STL,C,-108,78," "," "," "," ",3,9,-8,49,0,0,0,184,160
712,"Maxim Lapierre",PIT,C,-108,80," "," "," "," ",2,9,-15,86,0,0,0,153,305
713,"Olli Jokinen",STL,C,-108,62," "," "," "," ",4,6,6,110,1,0,0,64,134
714,"Kyle Chipchura",ARI,C,-109,70," "," "," "," ",4,10,-23,81,0,1,0,130,473
715,"Andrew Desjardins",CHI,C,-110,69," "," "," "," ",5,5,-1,59,1,0,0,128,158
716,"Steven Pinizzotto",EDM,RW,-110,18," "," "," "," ",2,2,1,15,0,0,0,32,0
717,"Mark Letestu",EDM,C,-111,54," "," "," "," ",7,6,-9,63,1,1,1,51,319
718,"Brandon Bollig",CGY,LW,-112,62," "," "," "," ",1,4,-9,67,0,0,0,137,3
719,"Ryan Spooner",BOS,C,-112,29," "," "," "," ",8,10,2,73,1,5,0,17,100
720,"Torrey Mitchell",MTL,C,-112,65," "," "," "," ",6,8,-8,55,2,0,0,58,399
721,"Mike Richards",LAK,C,-112,53," "," "," "," ",5,11,-10,63,1,3,0,62,289
722,"Teemu Pulkkinen",DET,LW,-112,31," "," "," "," ",5,3,5,67,2,2,0,3,0
723,"Vincent Lecavalier",PHI,C,-113,57," "," "," "," ",8,12,-7,103,0,4,0,40,95
724,"Vladislav Namestnikov",TBL,C,-113,43," "," "," "," ",9,7,1,46,3,2,0,41,70
725,"Chris Tierney",SJS,C,-113,43," "," "," "," ",6,15,3,48,1,4,0,11,150
726,"Dainius Zubrus",NJD,C,-113,74," "," "," "," ",4,6,-9,72,1,1,1,99,37
727,"Mike Brown",SJS,RW,-114,12," "," "," "," ",0,0,0,11,0,0,0,42,4
728,"Alexander Wennberg",CBJ,C,-114,68," "," "," "," ",4,16,-19,85,0,4,0,58,288
729,"Bryan Rust",PIT,RW,-114,14," "," "," "," ",1,1,-3,34,0,0,0,21,0
730,"Mikhail Grabovski",NYI,C,-114,51," "," "," "," ",9,10,3,81,2,1,0,11,38
731,"Markus Granlund",CGY,C,-114,48," "," "," "," ",8,10,-4,65,1,2,0,44,193
732,"Jayson Megna",NYR,RW,-114,12," "," "," "," ",0,1,-2,13,0,0,0,40,0
733,"Brenden Morrow",TBL,LW,-114,70," "," "," "," ",3,5,-1,28,0,0,0,112,0
734,"Andrew Miller",EDM,RW,-115,9," "," "," "," ",1,5,-2,14,0,0,0,7,1
735,"Jacob De La Rose",MTL,LW,-115,33," "," "," "," ",4,2,-5,38,0,0,1,71,64
736,"Teuvo Teravainen",CHI,LW,-115,34," "," "," "," ",4,5,4,66,1,1,0,11,29
737,"Ryan Carter",MIN,C,-115,53," "," "," "," ",3,10,3,47,0,0,1,77,29
738,"Zac Rinaldo",BOS,C,-115,58," "," "," "," ",1,5,-9,45,0,0,0,216,1
739,"Borna Rendulic",COL,RW,-116,11," "," "," "," ",1,1,1,6,0,0,0,22,0
740,"Darcy Kuemper",MIN,G,-116,31,4,0.905,2.7,14," "," "," "," "," "," "," "," "," "
741,"Brandon Kozun",TOR,RW,-116,20," "," "," "," ",2,2,-3,8,0,0,0,21,1
742,"Ronalds Kenins",VAN,LW,-117,30," "," "," "," ",4,8,-2,38,0,0,0,71,0
743,"Tye McGinn",TBL,LW,-117,51," "," "," "," ",2,5,0,60,0,0,0,71,1
744,"Adam Cracknell",VAN,RW,-117,17," "," "," "," ",0,1,-8,17,0,0,0,43,20
745,"Adam Burish",SJS,RW,-117,20," "," "," "," ",1,2,-6,22,0,0,0,11,57
746,"Chris VandeVelde",PHI,C,-117,72," "," "," "," ",9,6,-6,70,0,0,0,121,21
747,"Josh Anderson",CBJ,RW,-117,6," "," "," "," ",0,1,-1,10,0,0,0,24,0
748,"Chris Mueller",ANA,RW,-117,7," "," "," "," ",1,1,-1,10,0,1,0,3,38
749,"Ty Rattie",STL,RW,-117,11," "," "," "," ",0,2,0,8,0,0,0,15,0
750,"Sven Andrighetto",MTL,RW,-118,12," "," "," "," ",2,1,0,12,0,0,0,5,3
751,"Daniel Cleary",DET,RW,-118,17," "," "," "," ",1,1,-4,17,0,0,0,21,2
752,"Brian Ferlin",BOS,RW,-118,7," "," "," "," ",0,1,0,6,0,0,0,20,0
753,"Bobby Farnham",PIT,RW,-118,11," "," "," "," ",0,0,0,6,0,0,0,26,0
754,"Michael Ferland",CGY,LW,-118,26," "," "," "," ",2,3,1,34,1,1,0,67,0
755,"Viktor Stalberg",NYR,LW,-118,25," "," "," "," ",2,8,0,27,1,0,0,54,1
756,"Christian Thomas",MTL,RW,-118,18," "," "," "," ",1,0,-2,26,0,0,0,8,0
757,"Andrei Vasilevskiy",TBL,G,-118,16,1,0.918,2.54,7," "," "," "," "," "," "," "," "," "
758,"Tyler Kennedy",NYI,C,-119,38," "," "," "," ",6,8,-2,79,2,0,0,49,13
759,"Chris Wagner",ANA,RW,-119,9," "," "," "," ",0,0,-2,7,0,0,0,22,33
760,"Mike Sislo",NJD,RW,-120,10," "," "," "," ",0,1,-2,13,0,0,0,12,0
761,"Jeremy Morin",CHI,LW,-120,43," "," "," "," ",2,4,1,73,0,0,0,45,2
762,"Petr Straka",PHI,RW,-120,3," "," "," "," ",0,2,1,2,0,0,0,4,0
763,"Daniil Tarasov",SJS,RW,-120,5," "," "," "," ",0,1,2,5,0,0,0,2,1
764,"Miikka Salomaki",NSH,RW,-120,1," "," "," "," ",1,0,1,4,0,0,0,7,0
765,"Travis Moen",DAL,LW,-121,44," "," "," "," ",3,6,0,34,0,0,0,62,0
766,"Joe Vitale",ARI,C,-121,70," "," "," "," ",3,6,-11,55,0,0,0,104,354
767,"Ryan Hartman",CHI,RW,-121,5," "," "," "," ",0,0,-1,8,0,0,0,11,0
768,"Stanislav Galiev",WSH,RW,-121,2," "," "," "," ",1,0,1,2,0,0,0,3,0
769,"Brian McGrattan",ANA,RW,-122,8," "," "," "," ",0,0,-2,10,0,0,0,11,0
770,"Kyle Baun",CHI,RW,-122,3," "," "," "," ",0,0,-1,4,0,0,0,12,0
771,"Viktor Arvidsson",NSH,RW,-122,6," "," "," "," ",0,0,0,9,0,0,0,3,0
772,"Matt Frattin",TOR,RW,-122,9," "," "," "," ",0,0,0,6,0,0,0,4,1
773,"Jordan Szwarz",ARI,RW,-122,9," "," "," "," ",1,0,-2,8,0,0,0,5,0
774,"Ben Street",COL,RW,-122,3," "," "," "," ",0,0,0,4,0,0,0,3,17
775,"Eriah Hayes",SJS,RW,-122,4," "," "," "," ",0,0,-2,10,0,0,0,7,1
776,"Joe Whitney",NYI,RW,-123,4," "," "," "," ",1,0,-1,1,0,0,0,5,0
777,"Chris Conner",PHI,RW,-123,2," "," "," "," ",0,0,1,3,0,0,0,0,0
778,"Troy Bodie",TOR,RW,-123,5," "," "," "," ",0,0,0,1,0,0,0,4,0
779,"Joel Armia",WPG,RW,-123,1," "," "," "," ",0,0,0,0,0,0,0,4,0
780,"John Gibson",ANA,G,-123,23,1,0.914,2.72,13," "," "," "," "," "," "," "," "," "
781,"Mike Blunden",TBL,RW,-123,2," "," "," "," ",0,0,-1,0,0,0,0,7,0
782,"Harrison Zolnierczyk",ANA,RW,-123,2," "," "," "," ",0,0,-1,1,0,0,0,6,0
783,"John Scott",ARI,LW,-123,38," "," "," "," ",3,1,0,19,0,0,0,94,0
784,"Daniel Carcillo",CHI,LW,-124,39," "," "," "," ",4,4,3,42,0,0,0,36,0
785,"Stefan Noesen",ANA,RW,-124,1," "," "," "," ",0,0,0,0,0,0,0,0,0
786,"Colton Orr",TOR,RW,-124,1," "," "," "," ",0,0,0,0,0,0,0,0,0
787,"Valeri Nichushkin",DAL,RW,-124,8," "," "," "," ",0,1,-5,6,0,0,0,7,0
788,"Jerry D'amigo",BUF,RW,-124,9," "," "," "," ",0,0,-4,7,0,0,0,8,0
789,"Carter Ashton",TBL,RW,-124,7," "," "," "," ",0,0,-3,4,0,0,0,6,1
790,"Devin Setoguchi",CGY,RW,-125,12," "," "," "," ",0,0,-7,12,0,0,0,12,1
791,"Matt Cooke",MIN,LW,-126,29," "," "," "," ",4,6,0,24,0,0,0,39,3
792,"Curtis Mckenzie",DAL,LW,-126,36," "," "," "," ",4,1,-8,41,0,0,0,85,3
793,"Martin Jones",SJS,G,-126,15,3,0.906,2.3,4," "," "," "," "," "," "," "," "," "
794,"Manny Malhotra",MTL,C,-126,58," "," "," "," ",1,3,-6,46,1,0,0,37,537
795,"Michael Bournival",MTL,LW,-127,29," "," "," "," ",3,2,3,27,1,0,0,26,4
796,"Michael Latta",WSH,C,-128,53," "," "," "," ",0,6,4,24,0,0,0,91,160
797,"Colin Greening",OTT,LW,-128,26," "," "," "," ",1,0,-5,39,0,0,0,85,6
798,"Chris Porter",PHI,LW,-128,24," "," "," "," ",1,1,-3,24,1,0,0,63,4
799,"Jordan Nolan",LAK,C,-128,60," "," "," "," ",6,3,-6,44,1,0,0,102,1
800,"Luke Gazdic",EDM,LW,-130,40," "," "," "," ",2,1,-4,26,0,0,0,76,0
801,"Joakim Andersson",DET,C,-130,68," "," "," "," ",3,5,-4,74,1,0,0,27,192
802,"Lucas Lessio",ARI,LW,-132,26," "," "," "," ",2,3,-10,44,0,0,0,59,0
803,"Simon Gagne",BOS,LW,-132,23," "," "," "," ",3,1,0,27,1,0,0,20,1
804,"Jesse Joensuu",EDM,LW,-132,20," "," "," "," ",2,2,-8,18,0,0,1,37,0
805,"Anthony Duclair",ARI,LW,-132,18," "," "," "," ",1,6,4,18,0,1,0,6,0
806,"Scott Laughton",PHI,C,-133,31," "," "," "," ",2,4,-1,51,0,1,0,58,134
807,"Trevor Smith",TOR,C,-133,54," "," "," "," ",2,3,-9,46,0,0,0,75,293
808,"Cody McCormick",BUF,C,-133,33," "," "," "," ",1,3,-9,31,0,0,1,77,147
809,"Cody Hodgson",NSH,C,-134,78," "," "," "," ",6,7,-28,127,0,1,0,40,173
810,"Liam O'brien",WSH,LW,-134,13," "," "," "," ",1,1,4,16,0,0,0,35,1
811,"Nick Shore",LAK,C,-135,34," "," "," "," ",1,6,0,33,0,1,0,51,127
812,"Jamie McGinn",BUF,LW,-136,19," "," "," "," ",4,2,-9,36,0,1,0,29,1
813,"Tim Schaller",BUF,LW,-136,18," "," "," "," ",1,1,-5,19,0,0,0,44,74
814,"Jordan Schroeder",MIN,C,-136,25," "," "," "," ",3,5,9,48,0,0,0,24,0
815,"Matt Puempel",OTT,LW,-137,13," "," "," "," ",2,1,6,14,0,0,0,9,0
816,"Keith Kinkaid",NJD,G,-137,20,1,0.915,2.59,6," "," "," "," "," "," "," "," "," "
817,"Seth Griffith",BOS,C,-138,30," "," "," "," ",6,4,-2,33,1,3,0,14,3
818,"Ryane Clowe",NJD,LW,-139,13," "," "," "," ",1,3,-1,15,0,0,0,21,0
819,"Stephane Veilleux",MIN,LW,-139,12," "," "," "," ",1,1,0,9,1,0,0,9,0
820,"William Karlsson",CBJ,C,-140,21," "," "," "," ",3,2,3,29,1,1,0,18,93
821,"Cory Conacher",VAN,LW,-140,15," "," "," "," ",1,2,-3,23,0,0,0,19,1
822,"Sven Baertschi",VAN,LW,-140,18," "," "," "," ",2,4,-3,15,0,0,0,8,0
823,"TJ Galiardi",WPG,LW,-140,38," "," "," "," ",1,0,-8,35,0,0,0,38,2
824,"Kerby Rychel",CBJ,LW,-140,5," "," "," "," ",0,3,3,4,0,0,0,11,0
825,"Jordan Caron",STL,LW,-141,30," "," "," "," ",0,0,-2,12,0,0,0,41,0
826,"Matt Ellis",BUF,LW,-141,39," "," "," "," ",1,1,-12,29,1,0,0,10,100
827,"Bryan Lerg",SJS,LW,-142,2," "," "," "," ",1,0,-1,8,1,0,0,3,4
828,"Leon Draisaitl",EDM,C,-143,37," "," "," "," ",2,7,-17,49,1,2,0,21,128
829,"Dan Ellis",WSH,G,-143,9,1,0.914,2.34,4," "," "," "," "," "," "," "," "," "
830,"Joakim Nordstrom",CAR,C,-144,38," "," "," "," ",0,3,-5,42,0,0,0,73,2
831,"Joakim Lindstrom",TOR,C,-144,53," "," "," "," ",4,6,-15,61,0,5,0,14,7
832,"Ryan Hamilton",EDM,LW,-144,16," "," "," "," ",1,1,-8,12,0,1,0,27,1
833,"Eric Boulton",NYI,LW,-144,10," "," "," "," ",2,0,-1,9,0,0,0,10,0
834,"Magnus Paajarvi",STL,LW,-145,10," "," "," "," ",0,1,-2,9,0,1,0,8,1
835,"Reto Berra",COL,G,-145,19,1,0.918,2.72,5," "," "," "," "," "," "," "," "," "
836,"Zach Boychuk",CAR,C,-145,31," "," "," "," ",3,3,0,35,0,0,0,40,0
837,"Michael Chaput",CBJ,C,-145,33," "," "," "," ",1,4,-8,23,0,0,0,59,143
838,"Tom Sestito",VAN,LW,-145,3," "," "," "," ",0,1,1,1,0,0,0,10,0
839,"Zack Smith",OTT,C,-145,37," "," "," "," ",2,1,-8,38,0,0,0,64,103
840,"Emile Poirier",CGY,LW,-145,6," "," "," "," ",0,1,1,2,0,0,0,7,0
841,"Jordan Martinook",ARI,LW,-146,8," "," "," "," ",0,1,-3,8,0,0,0,14,1
842,"Josh Leivo",TOR,LW,-146,9," "," "," "," ",1,0,-1,10,0,0,0,5,0
843,"Mikhail Grigorenko",COL,C,-146,25," "," "," "," ",3,3,-10,35,0,2,0,28,153
844,"Andrew Agozzino",COL,LW,-147,1," "," "," "," ",0,1,1,1,0,0,0,1,0
845,"Andy Andreoff",LAK,C,-147,18," "," "," "," ",2,1,1,14,1,0,0,33,32
846,"Nicklas Jensen",VAN,LW,-147,5," "," "," "," ",0,0,-1,7,0,0,0,7,0
847,"David Wolf",CGY,LW,-148,3," "," "," "," ",0,0,0,1,0,0,0,6,1
848,"Mike Angelidis",TBL,LW,-148,3," "," "," "," ",0,0,0,0,0,0,0,5,7
849,"Phillip Danault",CHI,LW,-148,2," "," "," "," ",0,0,0,2,0,0,0,3,6
850,"Justin Shugg",CAR,LW,-148,3," "," "," "," ",0,0,0,3,0,0,0,3,0
851,"Brandon McMillan",VAN,C,-148,58," "," "," "," ",1,3,-19,51,0,0,0,91,10
852,"Eric Tangradi",DET,LW,-148,7," "," "," "," ",0,0,-3,5,0,0,0,12,1
853,"Ryan Malone",NYR,LW,-148,6," "," "," "," ",0,0,-4,6,0,0,0,14,1
854,"Anthony Mantha",DET,LW,-148,1," "," "," "," ",0,0,0,0,0,0,0,4,0
855,"Aaron Volpatti",WSH,LW,-148,2," "," "," "," ",0,0,0,1,0,0,0,3,0
856,"Rich Clune",NSH,LW,-148,1," "," "," "," ",0,0,0,0,0,0,0,3,0
857,"Drayson Bowman",MTL,LW,-148,3," "," "," "," ",0,0,0,0,0,0,0,3,0
858,"Brendan Ranford",DAL,LW,-149,1," "," "," "," ",0,0,0,0,0,0,0,2,0
859,"Max Friberg",ANA,LW,-149,1," "," "," "," ",0,0,0,0,0,0,0,2,0
860,"Patrick Bordeleau",COL,LW,-149,1," "," "," "," ",0,0,0,0,0,0,0,2,0
861,"David Van Der Gulik",LAK,LW,-149,1," "," "," "," ",0,0,0,1,0,0,0,1,0
862,"Brandon Defazio",BOS,LW,-149,2," "," "," "," ",0,0,0,2,0,0,0,0,0
863,"Garrett Wilson",FLA,LW,-149,2," "," "," "," ",0,0,-2,5,0,0,0,5,0
864,"Brendan Woods",CAR,LW,-149,2," "," "," "," ",0,0,-1,3,0,0,0,2,0
865,"Dany Heatley",ANA,LW,-149,6," "," "," "," ",0,0,-3,8,0,0,0,5,0
866,"Carl Klingberg",NYR,LW,-149,2," "," "," "," ",0,0,-1,0,0,0,0,2,0
867,"Mackenzie Skapski",NYR,G,-150,3,1,0.978,0.5,2," "," "," "," "," "," "," "," "," "
868,"Brian Gibbons",NYR,C,-150,25," "," "," "," ",0,5,2,21,0,1,0,14,4
869,"Jonas Gustavsson",DET,G,-150,8,2,0.911,2.56,3," "," "," "," "," "," "," "," "," "
870,"Andrew Ebbett",PIT,C,-151,24," "," "," "," ",1,5,1,21,0,0,0,10,39
871,"Sam Carrick",TOR,C,-152,16," "," "," "," ",1,1,1,17,0,0,0,30,38
872,"Michael Santorelli",NSH,C,-153,17," "," "," "," ",1,1,-4,38,1,0,0,7,9
873,"Curtis McElhinney",CBJ,G,-153,33,0,0.914,2.88,12," "," "," "," "," "," "," "," "," "
874,"Freddie Hamilton",COL,C,-154,18," "," "," "," ",1,0,-2,11,1,0,0,25,24
875,"Troy Grosenick",SJS,G,-154,3,1,0.948,1.52,1," "," "," "," "," "," "," "," "," "
876,"Joey Hishon",COL,C,-154,13," "," "," "," ",1,1,-1,19,1,0,0,3,35
877,"Philip Varone",BUF,C,-154,28," "," "," "," ",3,2,-14,28,0,0,0,30,147
878,"Jhonas Enroth",LAK,G,-155,50,3,0.904,3.14,18," "," "," "," "," "," "," "," "," "
879,"Tim Sestito",NJD,C,-156,15," "," "," "," ",0,2,-1,10,0,0,0,22,48
880,"Brett Sutter",MIN,C,-157,6," "," "," "," ",0,3,1,6,0,0,0,16,0
881,"Thomas Greiss",NYI,G,-157,21,0,0.908,2.59,9," "," "," "," "," "," "," "," "," "
882,"Landon Ferraro",DET,C,-158,3," "," "," "," ",1,0,1,4,1,0,0,3,0
883,"Sean Collins",WSH,C,-159,8," "," "," "," ",0,2,0,4,0,0,0,18,2
884,"Rocco Grimaldi",FLA,C,-159,7," "," "," "," ",1,0,1,18,0,0,0,7,6
885,"Brendan Shinnimin",ARI,C,-159,12," "," "," "," ",0,1,-1,10,0,0,0,12,42
886,"Paul Carey",WSH,C,-159,10," "," "," "," ",0,1,2,5,0,0,0,12,0
887,"Stefan Matteau",NJD,C,-160,7," "," "," "," ",1,0,0,8,0,0,0,17,0
888,"Eric O'dell",OTT,C,-160,11," "," "," "," ",0,1,0,6,0,0,0,14,18
889,"Nick Cousins",PHI,C,-160,11," "," "," "," ",0,0,1,6,0,0,0,13,23
890,"Drew Shore",CGY,C,-160,11," "," "," "," ",1,2,-5,13,0,0,0,10,29
891,"Travis Morin",DAL,C,-161,6," "," "," "," ",0,0,1,10,0,0,0,3,28
892,"Justin Hodgman",STL,C,-161,5," "," "," "," ",1,0,-2,3,0,1,0,8,25
893,"Casey Bailey",TOR,C,-161,6," "," "," "," ",1,0,1,9,0,0,0,3,0
894,"Zac Dalpe",MIN,C,-161,21," "," "," "," ",1,2,-11,29,0,0,0,15,20
895,"Chris Brown",WSH,C,-162,5," "," "," "," ",1,0,1,4,0,0,0,6,1
896,"Andrew Copp",WPG,C,-162,1," "," "," "," ",0,1,2,4,0,0,0,0,6
897,"Alexandre Bolduc",ARI,C,-162,3," "," "," "," ",0,0,-1,3,0,0,0,17,10
898,"Reid Boucher",NJD,C,-162,11," "," "," "," ",1,0,-4,20,0,0,0,9,0
899,"Jonathan Marchessault",TBL,C,-162,2," "," "," "," ",1,0,1,3,0,0,0,4,1
900,"Peter Regin",CHI,C,-162,4," "," "," "," ",0,1,1,3,0,0,0,3,1
901,"Jason Akeson",BUF,C,-162,13," "," "," "," ",0,0,-1,9,0,0,0,11,1
902,"Shane Prince",OTT,C,-163,2," "," "," "," ",0,1,1,2,0,0,0,2,0
903,"Joni Ortio",CGY,G,-163,7,1,0.908,2.52,4," "," "," "," "," "," "," "," "," "
904,"Sam Reinhart",BUF,C,-163,9," "," "," "," ",0,1,-1,3,0,0,0,3,21
905,"Kael Mouillierat",PIT,C,-163,6," "," "," "," ",1,1,-3,1,0,0,0,8,16
906,"Alex Stalock",SJS,G,-163,23,2,0.902,2.62,8," "," "," "," "," "," "," "," "," "
907,"Gabriel Dumont",MTL,C,-163,3," "," "," "," ",0,0,-1,4,0,0,0,8,11
908,"Michael Sgarbossa",ANA,C,-163,3," "," "," "," ",0,1,0,2,0,0,0,0,9
909,"Tomas Vincour",COL,C,-164,7," "," "," "," ",0,1,-1,2,0,0,0,5,0
910,"Corban Knight",FLA,C,-164,2," "," "," "," ",0,0,0,2,0,0,0,4,9
911,"Greg Mckegg",FLA,C,-164,3," "," "," "," ",0,0,0,1,0,0,0,3,17
912,"Philipp Grubauer",WSH,G,-164,1,0,0.92,0,1," "," "," "," "," "," "," "," "," "
913,"Tom McCollum",DET,G,-164,3,0,0.96,0.91,1," "," "," "," "," "," "," "," "," "
914,"Bobby Robins",BOS,C,-164,3," "," "," "," ",0,0,0,0,0,0,0,6,0
915,"Oscar Lindberg",NYR,C,-164,1," "," "," "," ",0,0,0,2,0,0,0,3,2
916,"Tyler Graovac",MIN,C,-164,3," "," "," "," ",0,0,0,4,0,0,0,0,6
917,"Matt Lindblad",NYR,C,-164,2," "," "," "," ",0,0,0,3,0,0,0,2,0
918,"Ryan Craig",CBJ,C,-165,2," "," "," "," ",0,0,0,2,0,0,0,2,0
919,"Micheal Haley",SJS,C,-165,4," "," "," "," ",0,0,-1,1,0,0,0,6,2
920,"Sam Bennett",CGY,C,-165,1," "," "," "," ",0,1,-1,1,0,0,0,0,1
921,"Colin Smith",COL,C,-165,1," "," "," "," ",0,0,0,1,0,0,0,1,4
922,"Luke Adam",NYR,C,-165,3," "," "," "," ",0,0,0,0,0,0,0,2,0
923,"Dana Tyrell",CBJ,C,-165,3," "," "," "," ",0,0,-1,1,0,0,0,5,0
924,"Patrice Cormier",WPG,C,-165,1," "," "," "," ",0,0,0,0,0,0,0,1,3
925,"Henrik Samuelsson",ARI,C,-165,3," "," "," "," ",0,0,-2,4,0,0,0,5,2
926,"Tyler Gaudet",ARI,C,-165,2," "," "," "," ",0,0,-1,1,0,0,0,2,9
927,"Scott Wilson",PIT,C,-165,1," "," "," "," ",0,0,0,0,0,0,0,0,0
928,"Bogdan Yakimov",EDM,C,-165,1," "," "," "," ",0,0,-1,1,0,0,0,2,3
929,"Patrick Brown",CAR,C,-165,7," "," "," "," ",0,0,-4,4,0,0,0,11,0
930,"Kevin Fiala",NSH,C,-166,1," "," "," "," ",0,0,-1,3,0,0,0,0,0
931,"Dominik Uher",PIT,C,-166,2," "," "," "," ",0,0,-1,0,0,0,0,2,0
932,"Colin Fraser",STL,C,-166,1," "," "," "," ",0,0,-1,1,0,0,0,1,0
933,"Will Acton",EDM,C,-166,3," "," "," "," ",0,0,-2,2,0,0,0,3,4
934,"Ryan Bourque",NYR,C,-166,1," "," "," "," ",0,0,-1,1,0,0,0,0,0
935,"Brody Sutter",CAR,C,-166,4," "," "," "," ",0,0,-2,0,0,0,0,3,7
936,"Alex Khokhlachev",BOS,C,-166,3," "," "," "," ",0,0,-2,1,0,0,0,1,9
937,"Max Reinhart",NSH,C,-167,4," "," "," "," ",0,0,-3,3,0,0,0,1,6
938,"Blair Jones",VAN,C,-167,4," "," "," "," ",0,0,-4,0,0,0,0,7,5
939,"Chris Driedger",OTT,G,-168,2,0,1,0,0," "," "," "," "," "," "," "," "," "
940,"Laurent Brossoit",EDM,G,-168,1,0,0.961,2.013,0," "," "," "," "," "," "," "," "," "
941,"Marek Mazanec",NSH,G,-168,3,0,0.915,2.27,0," "," "," "," "," "," "," "," "," "
942,"Jeff Zatkoff",PIT,G,-168,2,0,0.941,1.63,0," "," "," "," "," "," "," "," "," "
943,"Dustin Tokarski",MTL,G,-179,18,0,0.91,2.75,6," "," "," "," "," "," "," "," "," "
944,"Carter Hutton",NSH,G,-181,19,1,0.902,2.61,6," "," "," "," "," "," "," "," "," "
945,"Michal Neuvirth",PHI,G,-185,33,0,0.914,2.98,7," "," "," "," "," "," "," "," "," "
946,"Jason LaBarbera",PHI,G,-185,6,0,0.909,2.6,2," "," "," "," "," "," "," "," "," "
947,"Richard Bachman",VAN,G,-188,7,1,0.911,2.84,3," "," "," "," "," "," "," "," "," "
948,"Anton Khudobin",ANA,G,-190,35,1,0.9,2.72,8," "," "," "," "," "," "," "," "," "
949,"Robin Lehner",BUF,G,-209,26,0,0.905,3.02,9," "," "," "," "," "," "," "," "," "
950,"Mike Smith",ARI,G,-209,62,0,0.904,3.21,14," "," "," "," "," "," "," "," "," "
951,"Louis Domingue",ARI,G,-212,7,0,0.911,2.9,1," "," "," "," "," "," "," "," "," "
952,"Andrey Makarov",BUF,G,-214,2,0,0.917,3,0," "," "," "," "," "," "," "," "," "
953,"James Reimer",TOR,G,-216,36,0,0.907,3.16,9," "," "," "," "," "," "," "," "," "
954,"Anders Lindback",ARI,G,-218,27,0,0.909,3.11,6," "," "," "," "," "," "," "," "," "
955,"Martin Brodeur",STL,G,-229,8,1,0.899,2.87,3," "," "," "," "," "," "," "," "," "
956,"Ben Scrivens",EDM,G,-241,57,1,0.89,3.22,15," "," "," "," "," "," "," "," "," "
957,"Ray Emery",PHI,G,-244,32,0,0.894,3.06,10," "," "," "," "," "," "," "," "," "
958,"Al Montoya",FLA,G,-263,21,0,0.892,3.01,6," "," "," "," "," "," "," "," "," "
959,"Rob Zepp",PHI,G,-268,11,0,0.888,2.89,5," "," "," "," "," "," "," "," "," "
960,"Chad Johnson",BUF,G,-271,20,0,0.889,3.08,8," "," "," "," "," "," "," "," "," "
961,"Niklas Backstrom",MIN,G,-287,20,0,0.887,3.05,5," "," "," "," "," "," "," "," "," "
962,"Kevin Poulin",NYI,G,-287,2,0,0.885,2.77,0," "," "," "," "," "," "," "," "," "
963,"Viktor Fasth",EDM,G,-315,27,0,0.888,3.41,6," "," "," "," "," "," "," "," "," "
964,"Evgeni Nabokov",SJS,G,-320,12,0,0.882,3.14,3," "," "," "," "," "," "," "," "," "
965,"Jacob Markstrom",VAN,G,-334,4,0,0.879,3.09,1," "," "," "," "," "," "," "," "," "
966,"Justin Peters",WSH,G,-334,13,0,0.881,3.25,3," "," "," "," "," "," "," "," "," "
967,"Matt Hackett",ANA,G,-443,6,0,0.884,4.32,0," "," "," "," "," "," "," "," "," "
968,"Anton Forsberg",CBJ,G,-537,6,0,0.866,4.69,0," "," "," "," "," "," "," "," "," "
969,"Ilya Bryzgalov",ANA,G,-563,8,0,0.847,4.38,1," "," "," "," "," "," "," "," "," "
970,"Scott Clemmensen",NJD,G,-586,4,0,0.852,4.73,0," "," "," "," "," "," "," "," "," "
971,"Mike McKenna",FLA,G,-609,2,0,0.853,5,0," "," "," "," "," "," "," "," "," "
972,"John Curry",MIN,G,-699,3,0,0.8,4.18,0," "," "," "," "," "," "," "," "," "
973,"Tyler Bunz",EDM,G,"-1,333",2,0,0.75,9,0," "," "," "," "," "," "," "," "," "
974,"Jussi Rynnas",DAL,G,"-1,429",2,0,0.841,12.95,0," "," "," "," "," "," "," "," "," "
975,"Malcolm Subban",BOS,G,"-1,818",2,0,0.5,5.76,0," "," "," "," "," "," "," "," "," "
976,"Sam Brittain",FLA,G,"-3,109",1,0,0,0,0," "," "," "," "," "," "," "," "," "
977,"Robb Tallas",FLA,G,"-3,109",1,0,0,0,0," "," "," "," "," "," "," "," "," "
978,"Oscar Dansk",CBJ,G,"-3,109",1,0,0,0,0," "," "," "," "," "," "," "," "," "
979,"Anthony Stolarz",PHI,G,"-3,109",1,0,0,0,0," "," "," "," "," "," "," "," "," "
980,"Antoine Bibeau",TOR,G,"-3,109",1,0,0,0,0," "," "," "," "," "," "," "," "," "
981,"Jean-francois Berube",LAK,G,"-3,109",1,0,0,0,0," "," "," "," "," "," "," "," "," "
982,"Michael Lee",ARI,G,"-3,109",1,0,0,0,0," "," "," "," "," "," "," "," "," "
983,"Pheonix Copley",STL,G,"-3,109",1,0,0,0,0," "," "," "," "," "," "," "," "," "
984,"Christopher Gibson",NYI,G,"-3,109",1,0,0,0,0," "," "," "," "," "," "," "," "," "
985,"Jordan Binnington",STL,G,"-3,109",1,0,0,0,0," "," "," "," "," "," "," "," "," "
986,"Ryan Lowe",SJS,G,"-3,109",1,0,0,0,0," "," "," "," "," "," "," "," "," "
987,"Nathan Lieuwen",BUF,G,"-3,109",1,0,0,0,0," "," "," "," "," "," "," "," "," "
988,"Jeremy Smith",BOS,G,"-3,109",1,0,0,0,0," "," "," "," "," "," "," "," "," "
989,"Sami Aittokallio",COL,G,"-3,109",1,0,0,0,0," "," "," "," "," "," "," "," "," "
990,"Igor Bobkov",ANA,G,"-3,109",1,0,0,0,0," "," "," "," "," "," "," "," "," "
991,"Brad Thiessen",CGY,G,"-3,109",1,0,0,0,0," "," "," "," "," "," "," "," "," "
992,"Drew MacIntyre",CAR,G,"-3,109",1,0,0,0,0," "," "," "," "," "," "," "," "," "
993,"Joacim Eriksson",VAN,G,"-3,109",1,0,0,0,0," "," "," "," "," "," "," "," "," "
994,"Joey MacDonald",MTL,G,"-3,109",1,0,0,0,0," "," "," "," "," "," "," "," "," "
995,"Connor Hellebuyck",WPG,G,"-3,109",1,0,0,0,0," "," "," "," "," "," "," "," "," "
